-- Delete data
DELETE FROM stockrecord WHERE pizzeria_id <= 15 OR ingredient_id <= 8;
DELETE FROM stock WHERE pizzeria_id <= 15 OR ingredient_id <= 8;
DELETE FROM association_product_ingredient WHERE product_id <= 8 OR ingredient_id <= 8;
DELETE FROM association_order_product WHERE order_id <= 628 OR product_id <= 8;
DELETE FROM association_menu_product WHERE menu_id <= 8 OR product_id <= 8;
DELETE FROM address WHERE id <= 60;
DELETE FROM payment_method WHERE id <= 60;
DELETE FROM promotion WHERE id <= 2;
DELETE FROM picture WHERE id <= 6;
DELETE FROM ingredient WHERE id <= 8;
DELETE FROM product WHERE id <= 8;
DELETE FROM `order` WHERE id <= 628;
DELETE FROM user WHERE id <= 120;
DELETE FROM category WHERE id <= 4;
DELETE FROM pizzeria WHERE id <= 15;

-- Pizzeria
INSERT INTO pizzeria (id, `name`, lat, `long`) VALUES
       (1, 'Hirel', 48.605, -1.8022),
       (2, 'Colombe', 45.3991, 5.4511),
       (3, 'Charenton-le-Pont', 48.8221, 2.4122),
       (4, 'Maisonnais', 46.6396, 2.2152),
       (5, 'Saint-Étienne-de-Baïgorry', 43.1753, -1.3467),
       (6, 'Le Fief-Sauvin', 47.2214, -1.0421),
       (7, 'Landrecies', 50.125, 3.6917),
       (8, 'Montigny-sur-Chiers', 49.4791, 5.6694),
       (9, 'La Chaux-en-Bresse', 46.8257, 5.4797),
       (10, 'Ceaux-en-Couhé', 46.3167, 0.2333),
       (11, 'Sauvigny-le-Beuréal', 47.4873, 4.1089),
       (12, 'Séris', 47.7582, 1.502),
       (13, 'Pérouges', 45.9073, 5.1727),
       (14, 'Magny-Lambert', 47.6827, 4.5742),
       (15, 'Saint-Romain-la-Motte', 46.0846, 3.9816);

-- Ingredients
INSERT INTO ingredient (id, name, unit) VALUES
       (1, 'Pâte à pizza', ''),
       (2, 'Sauce tomate', 'g'),
       (3, 'Fromage', 'g'),
       (4, 'Champignons', 'g'),
       (5, 'Ananas', 'g'),
       (6, 'Poulet', 'g'),
       (7, 'Lardons', 'g'),
       (8, 'Oignons', 'g');

-- Category
INSERT INTO category (id, category_name) VALUES
       (1, 'Pizzas'),
       (2, 'Entrées'),
       (3, 'Boissons'),
       (4, 'Desserts');

-- All products
-- Normal products
INSERT INTO product (id, category_id, name, description, price, is_menu) VALUES
       (1, 1, 'Margarita', 'Une pizza normale', 9.90, 0),
       (2, 1, 'Pizza hawaïenne', 'Une pizza avec ananas', 9.90, 0),
       (3, 1, 'Flammenküche', 'Une tarte avec des lardons et des oignons', 10.90, 0),
       (4, 2, 'Mozarella sticks', 'Une entrée', 2.70, 0),
       (5, 3, 'Coca', 'Une boisson', 2, 0),
       (6, 4, 'Lava cake', 'Un gateau', 4, 0);

-- Menus
INSERT INTO product (id, name, description, price, is_menu) VALUES
       (7, 'Menu classique', 'Un menu qui est classique', 14, 1),
       (8, 'Menu enfant', 'Un menu réservé aux enfants', 8, 1);

-- Association products/menus
INSERT INTO association_menu_product (menu_id, product_id) VALUES
       (7, 1),
       (7, 4),
       (7, 5),
       (8, 2),
       (8, 5);

-- All users
-- Normal users
INSERT INTO user (id, username, name, email, phone_number, password) VALUES
	(1, 'hleroy313', 'Halyna Leroy', 'hleroy313@yahoo.fr', '0700898105', 'oTlprdRu5qXHRzanbnrnL0Wjo5XAOM0L'),
	(2, 'hrichard923', 'Halyna Richard', 'hrichard923@yahoo.fr', '0584825086', 'GmZu3uFDA4ymy8rVlne9IG2Dz74mCqmg'),
	(3, 'idubois56', 'Iván Dubois', 'idubois56@gmail.com', '0633760881', 'vTA74vrgF5NjCxtqI0VGHEKK07tTf7Wk'),
	(4, 'ipetit260', 'Iván Petit', 'ipetit260@gmail.com', '0186442108', 'dbqeOJo233DzYeDxoHMEnUOMaBcGtn0R'),
	(5, 'irobert974', 'Izumi Robert', 'irobert974@hotmail.fr', '0472260325', 'APoloi8c6izWZaDTpuka4qE9rDf7mAZM'),
	(6, 'hmoreau693', 'Halyna Moreau', 'hmoreau693@gmail.com', '0502967793', '2xl3myqnAw4WllDAINonMBYsbTvXsmv1'),
	(7, 'hdurand606', 'Halyna Durand', 'hdurand606@laposte.net', '0415891029', 'nplZSYbuvsgcwyj5E55teYIhxtUWxS28'),
	(8, 'irichard737', 'Iván Richard', 'irichard737@gmail.com', '0644218956', 'obroAm6046CGrZCwdnEmaXqlkIWSsuTA'),
	(9, 'oleroy891', 'Ognjen Leroy', 'oleroy891@gmail.com', '0241551675', 'zthxchN5ySMdk0uTSCxZfWm1NllhywvR'),
	(10, 'omartin495', 'Ognjen Martin', 'omartin495@yahoo.fr', '0161173072', 'PL63JokcvWUiIa9TRbuYhmOLMlRHSZde'),
	(11, 'lrichard200', 'Lateefah Richard', 'lrichard200@gmail.com', '0775506135', 'IFsJDIlEtgbaBYZn9Y9HgAPGUGEjLgpO'),
	(12, 'npetit505', 'Neea Petit', 'npetit505@hotmail.fr', '0269165236', 'L4XCT54KTVaJNJNshvhZ4YOZXlGEIzGu'),
	(13, 'wthomas516', 'Wulfnoð Thomas', 'wthomas516@hotmail.fr', '0387164803', 'pWjHXUWU6gC0HtJN6Aaw4QfFQgRikxBx'),
	(14, 'ndurand478', 'Neea Durand', 'ndurand478@laposte.net', '0548344726', 'oKDHZ8bjg1MKNOS19SqNv8j9Gg2XKwtV'),
	(15, 'ileroy188', 'Iván Leroy', 'ileroy188@hotmail.fr', '0105532941', 'qn2s0zSB13o7HZ2Hm1PqWaZVMtcQMtEq'),
	(16, 'pleroy816', 'Pauline Leroy', 'pleroy816@hotmail.fr', '0535266688', 'SCf3g6uX6YFcsnVSH8q8oNXIuvutfSdR'),
	(17, 'wmoreau376', 'Wulfnoð Moreau', 'wmoreau376@hotmail.fr', '0479600666', '8jWr27zGHMWY4zfKtILhlZZTJSPPsx06'),
	(18, 'ibernard829', 'Izumi Bernard', 'ibernard829@gmail.com', '0248441039', 'gkTq9cFqgQiK0GCZhKcCios81VMBOtnU'),
	(19, 'nrichard503', 'Neea Richard', 'nrichard503@yahoo.fr', '0469045168', 'KEkbQgy22BdUOS3HSNue6saWqD6kRrbC'),
	(20, 'hleroy384', 'Halyna Leroy', 'hleroy384@yahoo.fr', '0112095924', 'XM6ya2obObHjUPlM1P3d4cXEpbDzfGLl'),
	(21, 'nbernard863', 'Neea Bernard', 'nbernard863@gmail.com', '0411452907', 'P9kLi9j71QE4sLeXG6smUoUMfh6QbWvn'),
	(22, 'ileroy831', 'Izumi Leroy', 'ileroy831@laposte.net', '0173105778', 'Kz1tUlMLKzP24KO0DNkWMpRTTdHR0Apa'),
	(23, 'wleroy693', 'Wulfnoð Leroy', 'wleroy693@hotmail.fr', '0575967580', 'cEFYy3c6e7L8ftZOLWfR7mUCiJIIM3rc'),
	(24, 'idubois556', 'Iván Dubois', 'idubois556@gmail.com', '0308026957', '90YO6T3aFAxqJURABdxLYoLAMlGZf0ST'),
	(25, 'pmoreau343', 'Pauline Moreau', 'pmoreau343@yahoo.fr', '0230230142', '9luPhKPlgj2lB1wXgWyZ4F2hU4ezPGep'),
	(26, 'hrobert817', 'Hyun Robert', 'hrobert817@hotmail.fr', '0145826222', 'p2eJWAYQwUnvJO6WAn2ef3d5htWp5EvN'),
	(27, 'drobert812', 'Denys Robert', 'drobert812@laposte.net', '0718299839', 'Gzv6JN1y6rK0vZi7HVK81Mrkm6lNcEKj'),
	(28, 'pleroy709', 'Pauline Leroy', 'pleroy709@laposte.net', '0773531620', 'xzRiR2J8TTNsV6iRDTNSVs59QZxs2XuR'),
	(29, 'pmoreau485', 'Pauline Moreau', 'pmoreau485@hotmail.fr', '0162562878', '81DaubKy50ke2yYGW6jlsVm99rAlVolG'),
	(30, 'hmartin135', 'Hyun Martin', 'hmartin135@gmail.com', '0361211107', 'fFF9vjWVS6wHnCaPoaNbUVvoC5Jw4iXd'),
	(31, 'wleroy680', 'Wulfnoð Leroy', 'wleroy680@hotmail.fr', '0494876483', 'sTJM5pnG8InuRkP4qxMflmzmHINtnaig'),
	(32, 'wdubois530', 'Wulfnoð Dubois', 'wdubois530@hotmail.fr', '0780385168', '0prc3DX3TgUAfyT5CE7PGS8o0bZFQ4rP'),
	(33, 'idubois256', 'Iván Dubois', 'idubois256@yahoo.fr', '0343531072', 'yslkv1NbsrCcMoB8VuP2dFzr1vpfhCBa'),
	(34, 'ithomas754', 'Iván Thomas', 'ithomas754@laposte.net', '0677739831', 'klfSNY1a5XxTBCC7cNJsqSsTJUx0cqIS'),
	(35, 'ddubois914', 'Denys Dubois', 'ddubois914@hotmail.fr', '0755482897', 'Z4l6FE8BoVFXmTsMlukHgS100aiNhVFO'),
	(36, 'wrichard675', 'Wulfnoð Richard', 'wrichard675@laposte.net', '0418478171', 'Q8UII4cglTkkzEvEOdEEOOCLnNkwe5nI'),
	(37, 'hthomas148', 'Halyna Thomas', 'hthomas148@yahoo.fr', '0773863367', 'fn2yOuOOhWUYClBJ2F3aHS4BF1nwMOrE'),
	(38, 'hpetit179', 'Hyun Petit', 'hpetit179@yahoo.fr', '0137406138', 'eQP0mVBLRjlFiWTvzQrnVrObDXbSvEO3'),
	(39, 'dleroy448', 'Denys Leroy', 'dleroy448@gmail.com', '0739793379', 'M1F85GH571JA4pOaI14HeiJdIqlrC0Js'),
	(40, 'pdubois98', 'Pauline Dubois', 'pdubois98@gmail.com', '0465106094', 'X2R0TGhN6oRYsxsyPXjptzzpFEEHCo2o'),
	(41, 'ndubois701', 'Neea Dubois', 'ndubois701@yahoo.fr', '0581277481', '3gLh5wRohzoFd4oAlK5cAjck2l0dyRhO'),
	(42, 'wpetit955', 'Wulfnoð Petit', 'wpetit955@hotmail.fr', '0307645392', '2vTRTW8oiXMVJ1q4oWdnU4AVVn31MV2T'),
	(43, 'hthomas647', 'Halyna Thomas', 'hthomas647@laposte.net', '0105819931', 'frEbF2RHM7xrlDSpfaA2msaKLlzNNlF3'),
	(44, 'imartin767', 'Izumi Martin', 'imartin767@laposte.net', '0124952209', 'jyPl3642wUo92nscEBBmtULVQhdbSYb0'),
	(45, 'drichard20', 'Denys Richard', 'drichard20@gmail.com', '0742449355', '46Id2L16kykyIpQEjlfe1AMZVmw7Pa2h'),
	(46, 'ppetit602', 'Pauline Petit', 'ppetit602@laposte.net', '0407966639', 'ibu8ejVeMZwwmNDjiRV1kfQ1eBAui1ps'),
	(47, 'idubois736', 'Iván Dubois', 'idubois736@gmail.com', '0376727706', 'eWPG0rjM4NcOJmlJDfpRMOQdT0Zs1QUC'),
	(48, 'ddurand544', 'Denys Durand', 'ddurand544@hotmail.fr', '0754894450', 'Y2fW3mNta3PGKdRruQ2xDjS8H4JMNk63'),
	(49, 'irobert111', 'Iván Robert', 'irobert111@hotmail.fr', '0737200640', 'mMvQhXxSgDCnk8gVYhLF5TqOa7yEVqrP'),
	(50, 'lpetit696', 'Lateefah Petit', 'lpetit696@laposte.net', '0568078517', 'XfUMDchdVbeMsE4Bpyscyg9ny7WVxyUF'),
	(51, 'dmartin176', 'Denys Martin', 'dmartin176@laposte.net', '0339313830', 'MbZ3FXT4xendtZoYB8kYl5Lu6IJvHbZb'),
	(52, 'hbernard668', 'Halyna Bernard', 'hbernard668@gmail.com', '0644928563', 'CVGFelAG3741DPYA9u1CCACkOSzwdfk3'),
	(53, 'ddubois60', 'Denys Dubois', 'ddubois60@gmail.com', '0564007267', 'jogeJ0YyoxVEda8e1P84YMZSP9H12u55'),
	(54, 'hmoreau162', 'Hyun Moreau', 'hmoreau162@laposte.net', '0452910855', 't4rrJ4QnrjS18rZ8F7inpegNKIWYo10N'),
	(55, 'hrichard959', 'Halyna Richard', 'hrichard959@yahoo.fr', '0454232300', 'u0kA0fJLhG4ZRGFcBFdUrsGm7av2vo66'),
	(56, 'ddurand466', 'Denys Durand', 'ddurand466@yahoo.fr', '0116939675', 'UJLVLwFc1Xczd15L4x4aTMLJLXRVbgam'),
	(57, 'ipetit50', 'Iván Petit', 'ipetit50@laposte.net', '0236368222', 'oPget0dyLNoPifU7Nl8IPMAecdnxP0Ep'),
	(58, 'irobert484', 'Izumi Robert', 'irobert484@yahoo.fr', '0120761399', 'BN5SdLQ2xp5KJxwidgg4iHU0vjxAURai'),
	(59, 'imoreau266', 'Iván Moreau', 'imoreau266@gmail.com', '0506877930', 'XGFzCWgcmwB0fJRkjg4008Jdx6miG5nx'),
	(60, 'hdurand547', 'Hyun Durand', 'hdurand547@laposte.net', '0380515445', 'uRLoHXRToSMN5CkzijckDpyVHVkqnOft');

-- Workers
INSERT INTO user (id, username, name, email, phone_number, password, role, pizzeria) VALUES
	(61, 'hmoreau804', 'Halyna Moreau', 'hmoreau804@yahoo.fr', '0334856224', 'iJMLt5qYbthctxAA2u21b5H2Z53CvPaN', 'Hôte', 1),
	(62, 'hrichard658', 'Halyna Richard', 'hrichard658@yahoo.fr', '0111842337', 'Lm5Idk25V0eqRETsLjpA6s6BfQWvrLnz', 'Cuisinier', 1),
	(63, 'nthomas100', 'Neea Thomas', 'nthomas100@laposte.net', '0700589315', 'f1gZasiDM7oy54LE2EsYIweqNbHcZG5n', 'Livreur', 1),
	(64, 'ldubois40', 'Lateefah Dubois', 'ldubois40@gmail.com', '0394750606', 'JU6K35CDdIqv7a2X1D5Kl8GYdXV1Ym1m', 'Gestionnaire', 1),
	(65, 'omoreau64', 'Ognjen Moreau', 'omoreau64@yahoo.fr', '0316252161', 'TvXWteOoif8kDZAis9LRFV3BJIVBanBx', 'Hôte', 2),
	(66, 'imoreau61', 'Iván Moreau', 'imoreau61@gmail.com', '0237712364', '3Bw5RnU9AvVL5uKRFCSxn0NrEmfjKase', 'Cuisinier', 2),
	(67, 'nbernard334', 'Neea Bernard', 'nbernard334@laposte.net', '0799855064', 'mUtyBT4r8e9UJnBXTPfD6gKSfmCeuGki', 'Livreur', 2),
	(68, 'ipetit799', 'Izumi Petit', 'ipetit799@yahoo.fr', '0552734149', 'baMT3GTVkiyWkDp0JLa3lNSEi2gCPIUW', 'Gestionnaire', 2),
	(69, 'lpetit684', 'Lateefah Petit', 'lpetit684@laposte.net', '0754374096', 'uU0WEvE2QT9ZjiA17w55qLvQzwdRH7Qb', 'Hôte', 3),
	(70, 'drichard242', 'Denys Richard', 'drichard242@gmail.com', '0436276390', '3kiP9KQUkjv56UZmnBy4SUZNmlYOtEeY', 'Cuisinier', 3),
	(71, 'nleroy382', 'Neea Leroy', 'nleroy382@laposte.net', '0443284717', 'gpgtNINXTYUQ1jOiUdw3YuklX8EU04sX', 'Livreur', 3),
	(72, 'nthomas638', 'Neea Thomas', 'nthomas638@yahoo.fr', '0147627510', 'tUNx3z49btJZZDW6NfzXCZCAyKgWghEX', 'Gestionnaire', 3),
	(73, 'dbernard455', 'Denys Bernard', 'dbernard455@gmail.com', '0422132776', 'qlhj6uRPbJeSUcMN0LI3StyYVAQqnIfy', 'Hôte', 4),
	(74, 'hbernard663', 'Hyun Bernard', 'hbernard663@laposte.net', '0623474232', 'fdpSK3GDPY8aT83JnTgTRFC27byQoyeC', 'Cuisinier', 4),
	(75, 'wdubois543', 'Wulfnoð Dubois', 'wdubois543@yahoo.fr', '0763011377', 'Nifpi2SExXIYM10Tmt72cgG754BcJ35e', 'Livreur', 4),
	(76, 'odubois930', 'Ognjen Dubois', 'odubois930@gmail.com', '0143345713', 'msIMn9wnP2GhcdmYhyhFiRVyoAERAyc6', 'Gestionnaire', 4),
	(77, 'imoreau964', 'Izumi Moreau', 'imoreau964@yahoo.fr', '0549197311', 'PWjW3tF6f9SRQCEGZqqaHqPCyOHOW6sy', 'Hôte', 5),
	(78, 'ithomas42', 'Iván Thomas', 'ithomas42@gmail.com', '0614539840', 'VlqNMR88T5ulDWlWhRSpie6Yajr0hecB', 'Cuisinier', 5),
	(79, 'idubois820', 'Iván Dubois', 'idubois820@yahoo.fr', '0645040010', 'WD8coORd5eN0bscM3Hna40ZTuQVypPvf', 'Livreur', 5),
	(80, 'ddubois46', 'Denys Dubois', 'ddubois46@gmail.com', '0557407985', '1rsV4imtwLwLEEUNwBWcm4akUlSvFTPZ', 'Gestionnaire', 5),
	(81, 'hrobert217', 'Halyna Robert', 'hrobert217@gmail.com', '0637560188', 'Dt1OabRjotTl9gQsxZkyFNSNdXss6KIa', 'Hôte', 6),
	(82, 'dleroy537', 'Denys Leroy', 'dleroy537@hotmail.fr', '0190218126', 'Z7QB5jsh9yC3gly406iukoi1TJ0IDfUP', 'Cuisinier', 6),
	(83, 'idurand603', 'Izumi Durand', 'idurand603@yahoo.fr', '0170337939', 'ItkYFxHDkolTVUWpgZA1sABslcw0zYNh', 'Livreur', 6),
	(84, 'wdurand373', 'Wulfnoð Durand', 'wdurand373@yahoo.fr', '0772270696', 'Gb9dyWBRxptyy6KwsL9yJSHxdufizgpk', 'Gestionnaire', 6),
	(85, 'wdubois612', 'Wulfnoð Dubois', 'wdubois612@laposte.net', '0416232454', 'aRBfQqylrpNh6Bsr2HBgzNS85FZSVIH8', 'Hôte', 7),
	(86, 'ppetit754', 'Pauline Petit', 'ppetit754@hotmail.fr', '0733411990', 'ofkURy9bEu87YEF4Uleu1WqsdNWjLzye', 'Cuisinier', 7),
	(87, 'dmartin379', 'Denys Martin', 'dmartin379@gmail.com', '0350960158', 'lEJkNczk1QupBxHo3m2QX01SLExL060e', 'Livreur', 7),
	(88, 'hmartin757', 'Hyun Martin', 'hmartin757@gmail.com', '0337701010', '7Bj0X9U3dBui705PMf69NIlCyJIJ9W33', 'Gestionnaire', 7),
	(89, 'hmoreau811', 'Halyna Moreau', 'hmoreau811@yahoo.fr', '0667062705', 'Ae8PGEya4uaHE40Gxep1jau5pr2dHJxV', 'Hôte', 8),
	(90, 'lbernard577', 'Lateefah Bernard', 'lbernard577@hotmail.fr', '0654059640', '8jURy1zQR9qUjb6nRwVYafqP0SqY0esF', 'Cuisinier', 8),
	(91, 'ithomas879', 'Izumi Thomas', 'ithomas879@yahoo.fr', '0209642220', 'ynq9wTAvPJ8qzozQXG2BDaD2PxoPw59d', 'Livreur', 8),
	(92, 'odurand363', 'Ognjen Durand', 'odurand363@yahoo.fr', '0174334585', '8xu3hW5mM55EEUUTXPFWBeuOov1AOP4t', 'Gestionnaire', 8),
	(93, 'dthomas123', 'Denys Thomas', 'dthomas123@laposte.net', '0293148677', 'f4PYUQOWzGqcqp3nRXmVNAwUqnyXoBRf', 'Hôte', 9),
	(94, 'dpetit425', 'Denys Petit', 'dpetit425@gmail.com', '0327312121', 'yJ2R0TwPkyCKmws4B7UNK5dDejmKFjLY', 'Cuisinier', 9),
	(95, 'nmartin287', 'Neea Martin', 'nmartin287@laposte.net', '0644806660', 'iTQzjbqxbRQrJieRgn954WCJ4xMu7RAO', 'Livreur', 9),
	(96, 'ppetit848', 'Pauline Petit', 'ppetit848@gmail.com', '0586627326', 'oArL8qy646rcDFNFdMxq9TFnQqDDe02v', 'Gestionnaire', 9),
	(97, 'nmoreau335', 'Neea Moreau', 'nmoreau335@yahoo.fr', '0208228745', 'Y0OFa5YTOxl4hDh0zWblqEh6JORdxGck', 'Hôte', 10),
	(98, 'odurand670', 'Ognjen Durand', 'odurand670@laposte.net', '0159652645', 'pVcVBLAU30zCzDF0oGq1Wfppwm3n7UIu', 'Cuisinier', 10),
	(99, 'irobert884', 'Iván Robert', 'irobert884@yahoo.fr', '0292621823', '4LTeDhETMXrRCRmmyckXrREhOYR3xvg7', 'Livreur', 10),
	(100, 'ldurand639', 'Lateefah Durand', 'ldurand639@hotmail.fr', '0341612542', 'TqDCkl9LRPjyfqBV3HBaryzJp0u5aizT', 'Gestionnaire', 10),
	(101, 'hpetit703', 'Hyun Petit', 'hpetit703@yahoo.fr', '0529120566', 'OvQfymgeBdj6fBCQDn0mPPhVRypXEjLC', 'Hôte', 11),
	(102, 'drobert517', 'Denys Robert', 'drobert517@yahoo.fr', '0596725166', 'd3Ppf5HLfucfP9tEHKD4s4AZzDFrajez', 'Cuisinier', 11),
	(103, 'wbernard180', 'Wulfnoð Bernard', 'wbernard180@gmail.com', '0386107182', 'i9e5DrHa5NYKW30z93vAoh8Hkq48KT9H', 'Livreur', 11),
	(104, 'hrichard748', 'Hyun Richard', 'hrichard748@laposte.net', '0259836950', '83gqqP6WjicfDcxp9IPMCPtmXskMZeFh', 'Gestionnaire', 11),
	(105, 'wrichard538', 'Wulfnoð Richard', 'wrichard538@hotmail.fr', '0418271962', 'iMuwbnYadbvZkKEaSxO1iBFbdR5dsHNS', 'Hôte', 12),
	(106, 'nrichard836', 'Neea Richard', 'nrichard836@hotmail.fr', '0468458615', 'mmsORuPPfV7XTXvRmQAdVnmbBdLAZvMt', 'Cuisinier', 12),
	(107, 'oleroy675', 'Ognjen Leroy', 'oleroy675@yahoo.fr', '0385580743', 'lUpaK0J7902JcYXJ8rb9So1DqZmt2bhR', 'Livreur', 12),
	(108, 'imartin669', 'Izumi Martin', 'imartin669@hotmail.fr', '0405791312', 'oys05XljXIIyIQ3WxfyjgW9aEOIRoQx4', 'Gestionnaire', 12),
	(109, 'dthomas956', 'Denys Thomas', 'dthomas956@gmail.com', '0332375025', 'FYOolYU6dngMPBu0LSGJVnXrP7kD1qt9', 'Hôte', 13),
	(110, 'pdurand814', 'Pauline Durand', 'pdurand814@yahoo.fr', '0242848138', 'nlEQNtv5UJ5EhB4BeQBsZs4KaOVnrxEl', 'Cuisinier', 13),
	(111, 'pthomas485', 'Pauline Thomas', 'pthomas485@gmail.com', '0123517216', 'cGZimS8w4OgzKZhJRgWydQ0y5OR6Vjjr', 'Livreur', 13),
	(112, 'pleroy572', 'Pauline Leroy', 'pleroy572@yahoo.fr', '0166500372', 'xSaP0Q8Q5zspkpWjgiBW2ZPyYLwxxvhF', 'Gestionnaire', 13),
	(113, 'hmoreau754', 'Halyna Moreau', 'hmoreau754@gmail.com', '0545638574', 'Tl0iflgv49MXAGBURjCWlqpajknkUglO', 'Hôte', 14),
	(114, 'nmoreau949', 'Neea Moreau', 'nmoreau949@laposte.net', '0228266445', 'CKonPIVJFEyGudKxmw3sYiqNlT1ywbsU', 'Cuisinier', 14),
	(115, 'hpetit763', 'Hyun Petit', 'hpetit763@laposte.net', '0749999879', 'GxZoLvTv6k6iTZ70bWMhYWkJitBVyDVI', 'Livreur', 14),
	(116, 'irichard168', 'Iván Richard', 'irichard168@yahoo.fr', '0723370581', 'INqvTyegX2mICoC9G4BibEbzwDiwKvTB', 'Gestionnaire', 14),
	(117, 'hmoreau562', 'Halyna Moreau', 'hmoreau562@yahoo.fr', '0346669337', 'AO5LlOpshFaMZAyb2SHQJhRXK9ghYw0O', 'Hôte', 15),
	(118, 'dmartin577', 'Denys Martin', 'dmartin577@yahoo.fr', '0738827250', 'dPcLUtiCHuFeABVziJ5XZrCprQkJI8ma', 'Cuisinier', 15),
	(119, 'nleroy896', 'Neea Leroy', 'nleroy896@hotmail.fr', '0400608156', 'BYXH5b0QYto2m1creezxVms0sJgjcqon', 'Livreur', 15),
	(120, 'ipetit884', 'Izumi Petit', 'ipetit884@laposte.net', '0616297192', 'W32697Hsds5Q3H5Tni9kluLDmhjzEBPC', 'Gestionnaire', 15);

-- Addresses
INSERT INTO address (id, user_id, street_address, postal_code, city) VALUES
	(1, 1, '77 avenue Jean Moulin', '46400', 'Saint-Jean-Lespinasse'),
	(2, 2, '97 boulevard Jean Jaurès', '59029', 'Lille'),
	(3, 3, '17 faubourg Victor Hugo', '22510', 'Trédaniel'),
	(4, 4, '92 faubourg Leclerc', '69620', 'Frontenas'),
	(5, 5, '94 boulevard Leclerc', '88013', 'Épinal'),
	(6, 6, '85 rue Louis Pasteur', '21170', 'Esbarres'),
	(7, 7, '12 boulevard Clémenceau', '43350', 'Borne'),
	(8, 8, '60 avenue Jean Moulin', '67116', 'Reichstett'),
	(9, 9, '61 boulevard Jean Jaurès', '59280', 'Armentières'),
	(10, 10, '70 rue Jean Moulin', '25160', 'Labergement-Sainte-Marie'),
	(11, 11, '56 boulevard Clémenceau', '14140', 'Lisores'),
	(12, 12, '87 avenue Jean Jaurès', '80540', 'Saisseval'),
	(13, 13, '55 boulevard Léon Gambetta', '47310', 'Sérignac-sur-Garonne'),
	(14, 14, '67 rue Louis Pasteur', '68290', 'Dolleren'),
	(15, 15, '78 rue Victor Hugo', '50101', 'Cherbourg-Octeville'),
	(16, 16, '31 faubourg Leclerc', '57660', 'Bérig-Vintrange'),
	(17, 17, '4 avenue Victor Hugo', '13621', 'Aix-en-Provence'),
	(18, 18, '48 boulevard Léon Gambetta', '07220', 'Saint-Montan'),
	(19, 19, '2 avenue Leclerc', '34700', 'Le Puech'),
	(20, 20, '11 avenue Jean Moulin', '10500', 'Précy-Notre-Dame'),
	(21, 21, '82 avenue Foch', '75344', 'Paris 07'),
	(22, 22, '69 avenue Foch', '86137', 'Jaunay-Clan'),
	(23, 23, '71 boulevard Jean Jaurès', '07170', 'Saint-Maurice-d’Ibie'),
	(24, 24, '91 boulevard Léon Gambetta', '34920', 'Le Crès'),
	(25, 25, '26 avenue Jean Jaurès', '79340', 'Fomperron'),
	(26, 26, '9 rue Foch', '76710', 'Montville'),
	(27, 27, '64 avenue Clémenceau', '76740', 'Houdetot'),
	(28, 28, '99 avenue Leclerc', '25330', 'Fertans'),
	(29, 29, '36 faubourg Foch', '34360', 'Cébazan'),
	(30, 30, '73 rue Clémenceau', '69422', 'Lyon'),
	(31, 31, '29 rue Louis Pasteur', '80160', 'Bosquel'),
	(32, 32, '42 boulevard Louis Pasteur', '35560', 'Marcillé-Raoul'),
	(33, 33, '19 boulevard Victor Hugo', '52230', 'Échenay'),
	(34, 34, '53 avenue Jean Moulin', '45290', 'Nogent-sur-Vernisson'),
	(35, 35, '6 rue Leclerc', '01380', 'Bâgé-la-Ville'),
	(36, 36, '45 avenue Foch', '62228', 'Calais'),
	(37, 37, '45 faubourg Léon Gambetta', '33430', 'Saint-Côme'),
	(38, 38, '70 faubourg Leclerc', '65260', 'Pierrefitte-Nestalas'),
	(39, 39, '40 boulevard Léon Gambetta', '19260', 'Affieux'),
	(40, 40, '28 boulevard Victor Hugo', '72234', 'Arnage'),
	(41, 41, '29 faubourg Clémenceau', '12360', 'Tauriac-de-Camarès'),
	(42, 42, '51 rue Jean Moulin', '50011', 'Saint-Lô'),
	(43, 43, '31 avenue Jean Jaurès', '68306', 'Saint-Louis'),
	(44, 44, '89 rue Jean Moulin', '62270', 'Nuncq-Hautecôte'),
	(45, 45, '57 faubourg Louis Pasteur', '60112', 'Troissereux'),
	(46, 46, '84 boulevard Louis Pasteur', '17210', 'Chatenet'),
	(47, 47, '55 rue Leclerc', '14430', 'Dozulé'),
	(48, 48, '89 faubourg Jean Moulin', '60210', 'Thieuloy-Saint-Antoine'),
	(49, 49, '80 rue Victor Hugo', '37926', 'Tours'),
	(50, 50, '75 boulevard Léon Gambetta', '64190', 'Ogenne-Camptort'),
	(51, 51, '90 faubourg Louis Pasteur', '81028', 'Albi'),
	(52, 52, '31 faubourg Leclerc', '56140', 'Caro'),
	(53, 53, '37 boulevard Jean Moulin', '20900', 'Ajaccio'),
	(54, 54, '10 faubourg Jean Jaurès', '65240', 'Ardengost'),
	(55, 55, '43 rue Clémenceau', '57690', 'Bambiderstroff'),
	(56, 56, '93 avenue Foch', '54470', 'Saint-Baussant'),
	(57, 57, '41 boulevard Clémenceau', '92393', 'Villeneuve-la-Garenne'),
	(58, 58, '40 avenue Leclerc', '45956', 'Orléans'),
	(59, 59, '44 avenue Léon Gambetta', '13518', 'Port-Saint-Louis-du-Rhône'),
	(60, 60, '78 faubourg Foch', '12240', 'Rieupeyroux');

-- Pictures
INSERT INTO picture (id, product_id, url) VALUES
       (1, 1, '/pictures/margarita.png'),
       (2, 2, '/pictures/hawaienne.png'),
       (3, 3, '/pictures/flammenkuche.png'),
       (4, 4, '/pictures/mozarella_sticks.png'),
       (5, 5, '/pictures/coca.png'),
       (6, 6, '/pictures/lava_cake.png');

-- Promotions
INSERT INTO promotion (id, product_id, percentage) VALUES
       (1, 7, 15.0),
       (2, 3, 25.0);

-- Payment methods
INSERT INTO payment_method (id, user_id, card_number, name, expiration_date, cryptogram) VALUES
	(1, 1, '9821781224337', 'Wulfnoð Robert', '2023-03-01', '935'),
	(2, 2, '0371190717825', 'Izumi Richard', '2021-10-01', '867'),
	(3, 3, '6739645700391', 'Iván Durand', '2023-05-01', '295'),
	(4, 4, '1494366889168', 'Lateefah Leroy', '2021-09-01', '732'),
	(5, 5, '8666776850848', 'Denys Leroy', '2021-01-01', '816'),
	(6, 6, '3052852341594', 'Denys Martin', '2022-05-01', '506'),
	(7, 7, '4183678893109', 'Ognjen Richard', '2021-09-01', '926'),
	(8, 8, '4205253090923', 'Izumi Thomas', '2023-11-01', '456'),
	(9, 9, '0891105908161', 'Halyna Robert', '2021-02-01', '972'),
	(10, 10, '3799977715363', 'Lateefah Bernard', '2021-03-01', '333'),
	(11, 11, '6351909050597', 'Neea Leroy', '2023-11-01', '472'),
	(12, 12, '8466298589903', 'Ognjen Bernard', '2021-12-01', '105'),
	(13, 13, '0534681540190', 'Wulfnoð Richard', '2023-01-01', '960'),
	(14, 14, '4566721935713', 'Hyun Dubois', '2022-08-01', '661'),
	(15, 15, '9768602702421', 'Neea Petit', '2023-08-01', '327'),
	(16, 16, '7638668889748', 'Lateefah Richard', '2021-04-01', '414'),
	(17, 17, '8204826403192', 'Neea Martin', '2021-09-01', '646'),
	(18, 18, '5222926536104', 'Ognjen Leroy', '2021-03-01', '619'),
	(19, 19, '7209750778904', 'Neea Bernard', '2023-05-01', '907'),
	(20, 20, '0193807879846', 'Lateefah Bernard', '2023-08-01', '686'),
	(21, 21, '9356060924886', 'Neea Dubois', '2021-06-01', '468'),
	(22, 22, '8596867103974', 'Lateefah Bernard', '2021-01-01', '556'),
	(23, 23, '3344506534376', 'Izumi Durand', '2021-08-01', '191'),
	(24, 24, '3807561262056', 'Wulfnoð Richard', '2021-11-01', '826'),
	(25, 25, '4220094397316', 'Wulfnoð Leroy', '2022-05-01', '494'),
	(26, 26, '3736256967698', 'Neea Bernard', '2022-07-01', '972'),
	(27, 27, '9943880519379', 'Iván Moreau', '2023-05-01', '143'),
	(28, 28, '9134410802912', 'Ognjen Durand', '2022-11-01', '604'),
	(29, 29, '3714006725259', 'Denys Durand', '2022-06-01', '696'),
	(30, 30, '4283612737742', 'Ognjen Bernard', '2022-03-01', '738'),
	(31, 31, '0671021699364', 'Pauline Petit', '2023-07-01', '982'),
	(32, 32, '6790386482493', 'Izumi Petit', '2021-12-01', '435'),
	(33, 33, '5436348949934', 'Denys Richard', '2023-09-01', '291'),
	(34, 34, '9747237935741', 'Izumi Leroy', '2021-04-01', '618'),
	(35, 35, '4711592577988', 'Ognjen Leroy', '2021-12-01', '109'),
	(36, 36, '1926161408849', 'Neea Petit', '2021-06-01', '921'),
	(37, 37, '8001481976289', 'Lateefah Robert', '2023-09-01', '798'),
	(38, 38, '3015189950084', 'Izumi Petit', '2022-03-01', '880'),
	(39, 39, '3645705524804', 'Wulfnoð Martin', '2022-01-01', '582'),
	(40, 40, '0146407537259', 'Iván Dubois', '2021-01-01', '158'),
	(41, 41, '7013863189494', 'Denys Durand', '2021-11-01', '609'),
	(42, 42, '7349537268586', 'Iván Thomas', '2023-08-01', '824'),
	(43, 43, '6219027193710', 'Denys Dubois', '2021-12-01', '435'),
	(44, 44, '2808779606206', 'Lateefah Durand', '2023-01-01', '786'),
	(45, 45, '4019345878278', 'Pauline Dubois', '2021-07-01', '503'),
	(46, 46, '4765337190841', 'Neea Moreau', '2022-12-01', '415'),
	(47, 47, '7469000814866', 'Denys Leroy', '2022-10-01', '649'),
	(48, 48, '6224711840157', 'Denys Robert', '2022-11-01', '123'),
	(49, 49, '1333263957280', 'Denys Robert', '2022-09-01', '481'),
	(50, 50, '3406991082037', 'Hyun Thomas', '2022-07-01', '992'),
	(51, 51, '0993157413920', 'Izumi Robert', '2022-05-01', '250'),
	(52, 52, '5181179132256', 'Ognjen Dubois', '2023-06-01', '967'),
	(53, 53, '8071639802022', 'Wulfnoð Leroy', '2021-01-01', '233'),
	(54, 54, '9447949667420', 'Hyun Bernard', '2023-08-01', '751'),
	(55, 55, '2738716982887', 'Denys Bernard', '2023-12-01', '731'),
	(56, 56, '8978686667385', 'Denys Dubois', '2022-11-01', '703'),
	(57, 57, '4535207956611', 'Lateefah Leroy', '2021-05-01', '500'),
	(58, 58, '7693417254195', 'Pauline Moreau', '2022-08-01', '782'),
	(59, 59, '4694455089942', 'Pauline Thomas', '2022-11-01', '730'),
	(60, 60, '7386620205578', 'Denys Durand', '2022-12-01', '662');

-- All orders
-- Finished orders
INSERT INTO `order` (id, user_id, pizzeria_id) VALUES
	(1, 1, 15),
	(2, 1, 2),
	(3, 1, 10),
	(4, 1, 1),
	(5, 1, 11),
	(6, 1, 12),
	(7, 1, 5),
	(8, 1, 11),
	(9, 1, 10),
	(10, 1, 6),
	(11, 2, 1),
	(12, 2, 14),
	(13, 2, 1),
	(14, 2, 14),
	(15, 2, 2),
	(16, 2, 1),
	(17, 2, 11),
	(18, 2, 5),
	(19, 2, 13),
	(20, 2, 12),
	(21, 3, 11),
	(22, 3, 5),
	(23, 3, 3),
	(24, 3, 7),
	(25, 3, 2),
	(26, 3, 2),
	(27, 3, 1),
	(28, 3, 7),
	(29, 3, 9),
	(30, 3, 2),
	(31, 4, 12),
	(32, 4, 5),
	(33, 4, 11),
	(34, 4, 14),
	(35, 4, 1),
	(36, 4, 4),
	(37, 4, 9),
	(38, 4, 11),
	(39, 4, 12),
	(40, 4, 6),
	(41, 5, 8),
	(42, 5, 8),
	(43, 5, 5),
	(44, 5, 12),
	(45, 5, 4),
	(46, 5, 11),
	(47, 5, 14),
	(48, 5, 9),
	(49, 5, 9),
	(50, 5, 13),
	(51, 6, 15),
	(52, 6, 2),
	(53, 6, 12),
	(54, 6, 5),
	(55, 6, 2),
	(56, 6, 14),
	(57, 6, 14),
	(58, 6, 2),
	(59, 6, 10),
	(60, 6, 14),
	(61, 7, 9),
	(62, 7, 6),
	(63, 7, 8),
	(64, 7, 15),
	(65, 7, 4),
	(66, 7, 3),
	(67, 7, 13),
	(68, 7, 9),
	(69, 7, 15),
	(70, 7, 10),
	(71, 8, 8),
	(72, 8, 5),
	(73, 8, 12),
	(74, 8, 14),
	(75, 8, 4),
	(76, 8, 3),
	(77, 8, 15),
	(78, 8, 5),
	(79, 8, 7),
	(80, 8, 9),
	(81, 9, 3),
	(82, 9, 1),
	(83, 9, 11),
	(84, 9, 14),
	(85, 9, 10),
	(86, 9, 6),
	(87, 9, 6),
	(88, 9, 6),
	(89, 9, 15),
	(90, 9, 12),
	(91, 10, 8),
	(92, 10, 13),
	(93, 10, 10),
	(94, 10, 13),
	(95, 10, 13),
	(96, 10, 9),
	(97, 10, 10),
	(98, 10, 15),
	(99, 10, 3),
	(100, 10, 3),
	(101, 11, 9),
	(102, 11, 12),
	(103, 11, 12),
	(104, 11, 14),
	(105, 11, 9),
	(106, 11, 5),
	(107, 11, 3),
	(108, 11, 9),
	(109, 11, 11),
	(110, 11, 9),
	(111, 12, 14),
	(112, 12, 10),
	(113, 12, 2),
	(114, 12, 15),
	(115, 12, 3),
	(116, 12, 5),
	(117, 12, 10),
	(118, 12, 11),
	(119, 12, 11),
	(120, 12, 6),
	(121, 13, 11),
	(122, 13, 12),
	(123, 13, 12),
	(124, 13, 6),
	(125, 13, 5),
	(126, 13, 9),
	(127, 13, 9),
	(128, 13, 14),
	(129, 13, 14),
	(130, 13, 8),
	(131, 14, 3),
	(132, 14, 3),
	(133, 14, 4),
	(134, 14, 1),
	(135, 14, 8),
	(136, 14, 14),
	(137, 14, 9),
	(138, 14, 10),
	(139, 14, 4),
	(140, 14, 4),
	(141, 15, 15),
	(142, 15, 6),
	(143, 15, 10),
	(144, 15, 7),
	(145, 15, 13),
	(146, 15, 3),
	(147, 15, 1),
	(148, 15, 14),
	(149, 15, 14),
	(150, 15, 12),
	(151, 16, 15),
	(152, 16, 5),
	(153, 16, 9),
	(154, 16, 5),
	(155, 16, 15),
	(156, 16, 8),
	(157, 16, 10),
	(158, 16, 9),
	(159, 16, 2),
	(160, 16, 5),
	(161, 17, 6),
	(162, 17, 1),
	(163, 17, 4),
	(164, 17, 3),
	(165, 17, 1),
	(166, 17, 13),
	(167, 17, 4),
	(168, 17, 13),
	(169, 17, 1),
	(170, 17, 4),
	(171, 18, 14),
	(172, 18, 4),
	(173, 18, 13),
	(174, 18, 6),
	(175, 18, 4),
	(176, 18, 4),
	(177, 18, 3),
	(178, 18, 4),
	(179, 18, 7),
	(180, 18, 10),
	(181, 19, 13),
	(182, 19, 1),
	(183, 19, 2),
	(184, 19, 13),
	(185, 19, 8),
	(186, 19, 11),
	(187, 19, 1),
	(188, 19, 12),
	(189, 19, 2),
	(190, 19, 1),
	(191, 20, 8),
	(192, 20, 15),
	(193, 20, 5),
	(194, 20, 12),
	(195, 20, 11),
	(196, 20, 1),
	(197, 20, 10),
	(198, 20, 4),
	(199, 20, 2),
	(200, 20, 10),
	(201, 21, 15),
	(202, 21, 11),
	(203, 21, 4),
	(204, 21, 11),
	(205, 21, 11),
	(206, 21, 5),
	(207, 21, 6),
	(208, 21, 9),
	(209, 21, 3),
	(210, 21, 1),
	(211, 22, 12),
	(212, 22, 15),
	(213, 22, 7),
	(214, 22, 14),
	(215, 22, 3),
	(216, 22, 15),
	(217, 22, 13),
	(218, 22, 2),
	(219, 22, 2),
	(220, 22, 15),
	(221, 23, 8),
	(222, 23, 13),
	(223, 23, 12),
	(224, 23, 1),
	(225, 23, 12),
	(226, 23, 9),
	(227, 23, 13),
	(228, 23, 9),
	(229, 23, 1),
	(230, 23, 6),
	(231, 24, 7),
	(232, 24, 6),
	(233, 24, 8),
	(234, 24, 8),
	(235, 24, 6),
	(236, 24, 10),
	(237, 24, 8),
	(238, 24, 4),
	(239, 24, 3),
	(240, 24, 11),
	(241, 25, 2),
	(242, 25, 15),
	(243, 25, 13),
	(244, 25, 7),
	(245, 25, 12),
	(246, 25, 11),
	(247, 25, 5),
	(248, 25, 1),
	(249, 25, 11),
	(250, 25, 5),
	(251, 26, 15),
	(252, 26, 1),
	(253, 26, 10),
	(254, 26, 10),
	(255, 26, 10),
	(256, 26, 6),
	(257, 26, 1),
	(258, 26, 3),
	(259, 26, 12),
	(260, 26, 2),
	(261, 27, 13),
	(262, 27, 14),
	(263, 27, 14),
	(264, 27, 2),
	(265, 27, 5),
	(266, 27, 13),
	(267, 27, 8),
	(268, 27, 8),
	(269, 27, 13),
	(270, 27, 12),
	(271, 28, 5),
	(272, 28, 9),
	(273, 28, 4),
	(274, 28, 9),
	(275, 28, 14),
	(276, 28, 13),
	(277, 28, 1),
	(278, 28, 4),
	(279, 28, 9),
	(280, 28, 13),
	(281, 29, 6),
	(282, 29, 2),
	(283, 29, 10),
	(284, 29, 9),
	(285, 29, 14),
	(286, 29, 14),
	(287, 29, 5),
	(288, 29, 12),
	(289, 29, 3),
	(290, 29, 5),
	(291, 30, 7),
	(292, 30, 4),
	(293, 30, 13),
	(294, 30, 3),
	(295, 30, 3),
	(296, 30, 11),
	(297, 30, 3),
	(298, 30, 9),
	(299, 30, 3),
	(300, 30, 10),
	(301, 31, 8),
	(302, 31, 9),
	(303, 31, 7),
	(304, 31, 14),
	(305, 31, 5),
	(306, 31, 15),
	(307, 31, 9),
	(308, 31, 15),
	(309, 31, 4),
	(310, 31, 11),
	(311, 32, 3),
	(312, 32, 4),
	(313, 32, 6),
	(314, 32, 14),
	(315, 32, 6),
	(316, 32, 11),
	(317, 32, 10),
	(318, 32, 5),
	(319, 32, 1),
	(320, 32, 15),
	(321, 33, 4),
	(322, 33, 12),
	(323, 33, 4),
	(324, 33, 6),
	(325, 33, 1),
	(326, 33, 8),
	(327, 33, 11),
	(328, 33, 3),
	(329, 33, 9),
	(330, 33, 5),
	(331, 34, 15),
	(332, 34, 3),
	(333, 34, 10),
	(334, 34, 10),
	(335, 34, 2),
	(336, 34, 8),
	(337, 34, 8),
	(338, 34, 6),
	(339, 34, 14),
	(340, 34, 5),
	(341, 35, 3),
	(342, 35, 9),
	(343, 35, 2),
	(344, 35, 14),
	(345, 35, 2),
	(346, 35, 6),
	(347, 35, 7),
	(348, 35, 4),
	(349, 35, 6),
	(350, 35, 11),
	(351, 36, 4),
	(352, 36, 3),
	(353, 36, 11),
	(354, 36, 11),
	(355, 36, 8),
	(356, 36, 8),
	(357, 36, 4),
	(358, 36, 2),
	(359, 36, 14),
	(360, 36, 3),
	(361, 37, 1),
	(362, 37, 14),
	(363, 37, 5),
	(364, 37, 2),
	(365, 37, 11),
	(366, 37, 13),
	(367, 37, 1),
	(368, 37, 4),
	(369, 37, 6),
	(370, 37, 14),
	(371, 38, 6),
	(372, 38, 9),
	(373, 38, 7),
	(374, 38, 11),
	(375, 38, 5),
	(376, 38, 15),
	(377, 38, 8),
	(378, 38, 14),
	(379, 38, 3),
	(380, 38, 9),
	(381, 39, 1),
	(382, 39, 1),
	(383, 39, 8),
	(384, 39, 4),
	(385, 39, 3),
	(386, 39, 15),
	(387, 39, 15),
	(388, 39, 7),
	(389, 39, 8),
	(390, 39, 13),
	(391, 40, 15),
	(392, 40, 15),
	(393, 40, 12),
	(394, 40, 5),
	(395, 40, 7),
	(396, 40, 7),
	(397, 40, 3),
	(398, 40, 3),
	(399, 40, 12),
	(400, 40, 8),
	(401, 41, 14),
	(402, 41, 6),
	(403, 41, 2),
	(404, 41, 15),
	(405, 41, 1),
	(406, 41, 8),
	(407, 41, 12),
	(408, 41, 7),
	(409, 41, 13),
	(410, 41, 12),
	(411, 42, 8),
	(412, 42, 1),
	(413, 42, 11),
	(414, 42, 10),
	(415, 42, 6),
	(416, 42, 11),
	(417, 42, 10),
	(418, 42, 1),
	(419, 42, 2),
	(420, 42, 12),
	(421, 43, 10),
	(422, 43, 11),
	(423, 43, 9),
	(424, 43, 13),
	(425, 43, 8),
	(426, 43, 15),
	(427, 43, 3),
	(428, 43, 9),
	(429, 43, 9),
	(430, 43, 12),
	(431, 44, 13),
	(432, 44, 15),
	(433, 44, 8),
	(434, 44, 9),
	(435, 44, 11),
	(436, 44, 15),
	(437, 44, 10),
	(438, 44, 14),
	(439, 44, 13),
	(440, 44, 10),
	(441, 45, 3),
	(442, 45, 6),
	(443, 45, 11),
	(444, 45, 7),
	(445, 45, 13),
	(446, 45, 3),
	(447, 45, 11),
	(448, 45, 8),
	(449, 45, 4),
	(450, 45, 3),
	(451, 46, 13),
	(452, 46, 8),
	(453, 46, 9),
	(454, 46, 10),
	(455, 46, 11),
	(456, 46, 1),
	(457, 46, 12),
	(458, 46, 9),
	(459, 46, 4),
	(460, 46, 11),
	(461, 47, 8),
	(462, 47, 14),
	(463, 47, 1),
	(464, 47, 3),
	(465, 47, 1),
	(466, 47, 11),
	(467, 47, 7),
	(468, 47, 10),
	(469, 47, 8),
	(470, 47, 10),
	(471, 48, 3),
	(472, 48, 4),
	(473, 48, 14),
	(474, 48, 12),
	(475, 48, 4),
	(476, 48, 7),
	(477, 48, 13),
	(478, 48, 1),
	(479, 48, 3),
	(480, 48, 4),
	(481, 49, 12),
	(482, 49, 2),
	(483, 49, 9),
	(484, 49, 10),
	(485, 49, 15),
	(486, 49, 9),
	(487, 49, 12),
	(488, 49, 8),
	(489, 49, 5),
	(490, 49, 2),
	(491, 50, 12),
	(492, 50, 10),
	(493, 50, 4),
	(494, 50, 4),
	(495, 50, 15),
	(496, 50, 11),
	(497, 50, 14),
	(498, 50, 4),
	(499, 50, 7),
	(500, 50, 8),
	(501, 51, 4),
	(502, 51, 2),
	(503, 51, 5),
	(504, 51, 9),
	(505, 51, 6),
	(506, 51, 2),
	(507, 51, 3),
	(508, 51, 13),
	(509, 51, 13),
	(510, 51, 15),
	(511, 52, 8),
	(512, 52, 5),
	(513, 52, 13),
	(514, 52, 3),
	(515, 52, 8),
	(516, 52, 15),
	(517, 52, 12),
	(518, 52, 4),
	(519, 52, 5),
	(520, 52, 15),
	(521, 53, 4),
	(522, 53, 1),
	(523, 53, 4),
	(524, 53, 2),
	(525, 53, 6),
	(526, 53, 14),
	(527, 53, 10),
	(528, 53, 1),
	(529, 53, 3),
	(530, 53, 7),
	(531, 54, 1),
	(532, 54, 2),
	(533, 54, 13),
	(534, 54, 8),
	(535, 54, 6),
	(536, 54, 15),
	(537, 54, 7),
	(538, 54, 15),
	(539, 54, 15),
	(540, 54, 3),
	(541, 55, 1),
	(542, 55, 2),
	(543, 55, 11),
	(544, 55, 11),
	(545, 55, 15),
	(546, 55, 9),
	(547, 55, 8),
	(548, 55, 10),
	(549, 55, 3),
	(550, 55, 3),
	(551, 56, 6),
	(552, 56, 8),
	(553, 56, 10),
	(554, 56, 4),
	(555, 56, 5),
	(556, 56, 6),
	(557, 56, 2),
	(558, 56, 15),
	(559, 56, 8),
	(560, 56, 7),
	(561, 57, 14),
	(562, 57, 6),
	(563, 57, 5),
	(564, 57, 11),
	(565, 57, 4),
	(566, 57, 1),
	(567, 57, 1),
	(568, 57, 3),
	(569, 57, 11),
	(570, 57, 7),
	(571, 58, 8),
	(572, 58, 1),
	(573, 58, 6),
	(574, 58, 8),
	(575, 58, 15),
	(576, 58, 11),
	(577, 58, 13),
	(578, 58, 7),
	(579, 58, 10),
	(580, 58, 15),
	(581, 59, 7),
	(582, 59, 10),
	(583, 59, 14),
	(584, 59, 6),
	(585, 59, 13),
	(586, 59, 9),
	(587, 59, 9),
	(588, 59, 15),
	(589, 59, 12),
	(590, 59, 14),
	(591, 60, 3),
	(592, 60, 11),
	(593, 60, 6),
	(594, 60, 13),
	(595, 60, 10),
	(596, 60, 2),
	(597, 60, 6),
	(598, 60, 4),
	(599, 60, 5),
	(600, 60, 6);
	
-- Current orders
INSERT INTO `order` (id, user_id, state, employee_in_charge, pizzeria_id) VALUES
	(601, 2, 'CUISINE', 118, 15),
	(602, 4, 'ATTVAL', NULL, 15),
	(603, 6, 'ATTLIV', NULL, 4),
	(604, 7, 'LIVRAISON', 79, 5),
	(605, 10, 'ATTLIV', NULL, 14),
	(606, 11, 'ATTLIV', NULL, 15),
	(607, 15, 'LIVRAISON', 75, 4),
	(608, 16, 'ATTVAL', NULL, 3),
	(609, 21, 'ATTLIV', NULL, 12),
	(610, 23, 'ATTVAL', NULL, 6),
	(611, 25, 'ATTLIV', NULL, 12),
	(612, 29, 'LIVRAISON', 79, 5),
	(613, 31, 'ATTVAL', NULL, 1),
	(614, 32, 'CUISINE', 78, 5),
	(615, 33, 'LIVRAISON', 79, 5),
	(616, 34, 'LIVRAISON', 67, 2),
	(617, 35, 'LIVRAISON', 83, 6),
	(618, 39, 'ATTLIV', NULL, 15),
	(619, 40, 'CUISINE', 82, 6),
	(620, 43, 'CUISINE', 90, 8),
	(621, 44, 'CUISINE', 106, 12),
	(622, 46, 'ATTLIV', NULL, 7),
	(623, 51, 'LIVRAISON', 111, 13),
	(624, 55, 'LIVRAISON', 103, 11),
	(625, 56, 'LIVRAISON', 75, 4),
	(626, 57, 'ATTLIV', NULL, 1),
	(627, 59, 'ATTLIV', NULL, 10),
	(628, 60, 'ATTLIV', NULL, 15);

-- Association product/ingredient
INSERT INTO association_product_ingredient (product_id, ingredient_id, quantity) VALUES
       (1, 1, 1),
       (1, 2, 20),
       (1, 3, 20),
       (1, 4, 20),
       (2, 1, 1),
       (2, 5, 40),
       (3, 1, 1),
       (3, 7, 60),
       (3, 8, 40);

-- Association order/product
INSERT INTO association_order_product (order_id, product_id, quantity) VALUES
	(1, 5, 2),
	(1, 8, 1),
	(2, 2, 3),
	(2, 8, 2),
	(2, 3, 3),
	(3, 3, 1),
	(3, 7, 1),
	(3, 5, 2),
	(3, 6, 1),
	(3, 1, 3),
	(4, 8, 3),
	(4, 7, 3),
	(5, 1, 1),
	(5, 8, 3),
	(6, 2, 2),
	(6, 6, 2),
	(7, 8, 2),
	(7, 4, 2),
	(7, 5, 3),
	(7, 6, 3),
	(8, 7, 2),
	(8, 6, 1),
	(8, 3, 2),
	(8, 1, 1),
	(9, 8, 2),
	(10, 6, 1),
	(10, 5, 3),
	(10, 7, 2),
	(10, 8, 2),
	(10, 3, 3),
	(11, 6, 1),
	(11, 2, 3),
	(11, 8, 2),
	(11, 1, 1),
	(11, 4, 3),
	(11, 7, 3),
	(12, 3, 2),
	(12, 1, 1),
	(12, 2, 3),
	(12, 8, 3),
	(12, 4, 1),
	(13, 6, 3),
	(13, 4, 3),
	(13, 1, 3),
	(13, 2, 1),
	(13, 3, 1),
	(13, 7, 1),
	(14, 8, 3),
	(14, 4, 3),
	(14, 7, 1),
	(15, 6, 2),
	(16, 8, 1),
	(17, 8, 2),
	(17, 2, 3),
	(18, 2, 1),
	(18, 5, 1),
	(18, 8, 3),
	(18, 7, 3),
	(18, 1, 3),
	(18, 6, 1),
	(19, 7, 2),
	(19, 5, 2),
	(20, 2, 3),
	(20, 8, 1),
	(20, 3, 3),
	(21, 2, 3),
	(22, 1, 2),
	(22, 4, 1),
	(22, 3, 1),
	(22, 7, 1),
	(22, 8, 2),
	(22, 6, 2),
	(23, 3, 2),
	(23, 8, 3),
	(23, 6, 2),
	(23, 2, 1),
	(23, 5, 1),
	(23, 7, 3),
	(24, 2, 3),
	(24, 5, 1),
	(24, 3, 3),
	(24, 1, 3),
	(24, 6, 1),
	(25, 7, 3),
	(25, 2, 2),
	(25, 3, 1),
	(25, 5, 2),
	(25, 6, 1),
	(26, 3, 2),
	(26, 6, 2),
	(26, 5, 1),
	(26, 8, 3),
	(26, 4, 2),
	(27, 7, 3),
	(27, 6, 3),
	(27, 4, 2),
	(27, 2, 1),
	(27, 5, 2),
	(27, 1, 3),
	(28, 1, 3),
	(28, 5, 3),
	(28, 8, 1),
	(28, 2, 3),
	(29, 6, 3),
	(29, 5, 1),
	(29, 8, 3),
	(29, 2, 2),
	(29, 4, 2),
	(30, 7, 2),
	(30, 8, 1),
	(30, 6, 1),
	(30, 2, 2),
	(30, 1, 2),
	(30, 3, 3),
	(31, 3, 2),
	(31, 4, 3),
	(31, 7, 1),
	(32, 6, 1),
	(32, 1, 3),
	(33, 5, 3),
	(33, 8, 1),
	(33, 4, 3),
	(33, 7, 2),
	(33, 1, 2),
	(33, 2, 1),
	(34, 3, 1),
	(34, 7, 3),
	(34, 8, 3),
	(34, 6, 3),
	(34, 5, 1),
	(34, 1, 1),
	(35, 5, 3),
	(35, 7, 3),
	(35, 4, 3),
	(36, 3, 3),
	(36, 8, 2),
	(36, 6, 2),
	(36, 4, 3),
	(36, 7, 3),
	(36, 5, 1),
	(37, 7, 3),
	(37, 8, 1),
	(38, 1, 2),
	(38, 7, 2),
	(38, 8, 1),
	(38, 5, 2),
	(38, 2, 3),
	(38, 4, 3),
	(39, 3, 1),
	(39, 8, 2),
	(40, 4, 2),
	(40, 2, 3),
	(40, 6, 3),
	(40, 8, 2),
	(40, 5, 3),
	(40, 3, 2),
	(41, 8, 2),
	(41, 5, 2),
	(41, 6, 3),
	(41, 1, 2),
	(41, 2, 1),
	(42, 4, 1),
	(42, 7, 1),
	(43, 8, 1),
	(44, 6, 3),
	(45, 4, 1),
	(45, 6, 1),
	(45, 1, 2),
	(45, 5, 1),
	(45, 3, 2),
	(46, 4, 2),
	(47, 6, 3),
	(47, 2, 3),
	(47, 8, 2),
	(48, 6, 1),
	(48, 3, 1),
	(48, 4, 3),
	(49, 4, 1),
	(49, 5, 3),
	(49, 7, 3),
	(49, 1, 1),
	(49, 2, 2),
	(50, 6, 2),
	(50, 2, 1),
	(51, 2, 2),
	(51, 6, 2),
	(51, 3, 1),
	(51, 4, 2),
	(52, 5, 1),
	(52, 7, 3),
	(52, 4, 2),
	(52, 1, 2),
	(52, 6, 1),
	(52, 2, 2),
	(53, 5, 2),
	(54, 8, 1),
	(54, 3, 1),
	(54, 7, 2),
	(54, 5, 1),
	(55, 6, 1),
	(55, 1, 2),
	(55, 7, 2),
	(56, 2, 1),
	(57, 1, 3),
	(57, 6, 3),
	(57, 3, 1),
	(57, 7, 3),
	(57, 4, 1),
	(58, 4, 3),
	(58, 3, 3),
	(58, 1, 3),
	(58, 6, 3),
	(58, 8, 2),
	(59, 4, 2),
	(59, 5, 3),
	(59, 8, 3),
	(59, 7, 2),
	(60, 5, 1),
	(60, 8, 2),
	(60, 6, 2),
	(61, 3, 3),
	(61, 7, 1),
	(61, 5, 2),
	(61, 4, 1),
	(61, 1, 1),
	(62, 4, 3),
	(63, 6, 3),
	(63, 8, 3),
	(64, 2, 1),
	(64, 7, 2),
	(64, 6, 3),
	(64, 1, 2),
	(64, 5, 2),
	(65, 6, 2),
	(65, 5, 2),
	(65, 4, 1),
	(65, 1, 3),
	(66, 2, 2),
	(66, 8, 2),
	(66, 1, 3),
	(66, 4, 3),
	(66, 3, 3),
	(66, 5, 2),
	(67, 8, 1),
	(68, 4, 3),
	(68, 2, 2),
	(68, 8, 1),
	(68, 6, 3),
	(68, 7, 1),
	(69, 3, 1),
	(70, 5, 2),
	(70, 8, 3),
	(70, 1, 1),
	(71, 5, 1),
	(71, 4, 3),
	(71, 8, 1),
	(72, 2, 2),
	(72, 7, 1),
	(72, 4, 3),
	(73, 7, 1),
	(74, 5, 3),
	(74, 6, 2),
	(75, 1, 1),
	(75, 2, 3),
	(75, 5, 2),
	(75, 6, 2),
	(75, 3, 1),
	(76, 1, 3),
	(76, 6, 3),
	(76, 2, 1),
	(76, 7, 2),
	(76, 4, 3),
	(76, 8, 1),
	(77, 6, 2),
	(77, 3, 2),
	(78, 5, 3),
	(78, 3, 2),
	(79, 1, 1),
	(80, 2, 1),
	(80, 6, 3),
	(80, 3, 1),
	(80, 4, 2),
	(81, 4, 1),
	(81, 3, 2),
	(81, 2, 3),
	(82, 5, 3),
	(82, 2, 3),
	(82, 7, 3),
	(82, 1, 1),
	(82, 3, 1),
	(83, 2, 1),
	(83, 4, 1),
	(83, 6, 2),
	(83, 1, 1),
	(83, 7, 1),
	(83, 8, 1),
	(84, 6, 3),
	(84, 4, 3),
	(84, 7, 3),
	(84, 2, 1),
	(84, 8, 2),
	(85, 2, 3),
	(85, 6, 3),
	(85, 3, 3),
	(85, 5, 3),
	(85, 7, 1),
	(85, 8, 2),
	(86, 3, 1),
	(86, 2, 3),
	(86, 4, 1),
	(87, 2, 3),
	(87, 5, 2),
	(87, 4, 3),
	(88, 2, 1),
	(88, 4, 3),
	(88, 8, 1),
	(88, 5, 2),
	(89, 6, 2),
	(89, 3, 3),
	(89, 7, 2),
	(89, 1, 1),
	(89, 8, 2),
	(90, 3, 2),
	(90, 4, 1),
	(90, 7, 1),
	(90, 5, 1),
	(90, 8, 3),
	(91, 2, 1),
	(91, 3, 3),
	(91, 1, 3),
	(91, 7, 3),
	(92, 3, 1),
	(93, 2, 1),
	(93, 5, 2),
	(93, 7, 3),
	(93, 3, 3),
	(93, 8, 2),
	(94, 3, 2),
	(94, 5, 3),
	(95, 4, 1),
	(96, 6, 2),
	(96, 5, 2),
	(96, 8, 2),
	(97, 4, 1),
	(97, 8, 1),
	(97, 7, 1),
	(98, 4, 1),
	(98, 8, 2),
	(98, 5, 3),
	(98, 1, 1),
	(98, 7, 2),
	(98, 6, 2),
	(99, 7, 3),
	(99, 5, 3),
	(99, 2, 1),
	(99, 6, 3),
	(99, 4, 3),
	(100, 3, 3),
	(100, 6, 2),
	(100, 2, 1),
	(100, 1, 2),
	(100, 5, 2),
	(100, 4, 3),
	(101, 4, 1),
	(101, 2, 3),
	(101, 3, 2),
	(101, 6, 1),
	(101, 8, 2),
	(101, 5, 3),
	(102, 5, 3),
	(102, 4, 3),
	(103, 6, 2),
	(103, 2, 3),
	(103, 4, 2),
	(103, 3, 3),
	(103, 8, 3),
	(104, 4, 2),
	(104, 7, 3),
	(104, 1, 2),
	(104, 5, 2),
	(104, 8, 3),
	(104, 3, 3),
	(105, 7, 3),
	(105, 4, 1),
	(106, 8, 3),
	(106, 4, 3),
	(106, 5, 3),
	(106, 1, 2),
	(106, 7, 2),
	(107, 4, 2),
	(107, 6, 2),
	(107, 2, 2),
	(107, 7, 1),
	(108, 8, 1),
	(108, 2, 1),
	(108, 5, 2),
	(108, 7, 2),
	(108, 6, 1),
	(108, 1, 1),
	(109, 8, 1),
	(109, 4, 1),
	(109, 1, 3),
	(109, 5, 3),
	(109, 7, 3),
	(110, 3, 3),
	(111, 7, 3),
	(111, 1, 2),
	(111, 4, 2),
	(111, 2, 2),
	(111, 6, 3),
	(111, 3, 3),
	(112, 2, 1),
	(112, 4, 1),
	(112, 6, 3),
	(112, 3, 1),
	(113, 3, 2),
	(113, 5, 3),
	(113, 4, 3),
	(113, 1, 3),
	(113, 7, 1),
	(113, 6, 1),
	(114, 8, 3),
	(114, 2, 3),
	(114, 7, 1),
	(114, 4, 3),
	(114, 6, 2),
	(114, 5, 1),
	(115, 4, 3),
	(115, 3, 1),
	(115, 8, 1),
	(115, 5, 2),
	(116, 4, 1),
	(116, 6, 2),
	(116, 8, 2),
	(117, 6, 1),
	(117, 8, 2),
	(117, 1, 3),
	(118, 3, 3),
	(118, 8, 2),
	(118, 2, 1),
	(118, 6, 1),
	(119, 2, 3),
	(119, 1, 1),
	(119, 4, 1),
	(119, 6, 3),
	(119, 7, 1),
	(119, 5, 3),
	(120, 3, 3),
	(120, 5, 1),
	(120, 1, 3),
	(120, 8, 2),
	(121, 2, 2),
	(121, 7, 3),
	(121, 8, 3),
	(121, 6, 2),
	(122, 2, 3),
	(122, 1, 2),
	(122, 4, 2),
	(122, 8, 1),
	(122, 3, 1),
	(122, 5, 2),
	(123, 8, 2),
	(123, 6, 1),
	(123, 7, 2),
	(123, 1, 3),
	(124, 4, 3),
	(124, 2, 2),
	(124, 8, 1),
	(124, 3, 2),
	(125, 2, 1),
	(126, 6, 2),
	(126, 2, 2),
	(126, 7, 2),
	(127, 8, 2),
	(127, 7, 1),
	(127, 2, 2),
	(127, 3, 3),
	(127, 5, 2),
	(128, 4, 2),
	(129, 5, 1),
	(130, 3, 2),
	(130, 6, 2),
	(131, 8, 1),
	(131, 6, 1),
	(131, 1, 1),
	(131, 4, 2),
	(131, 7, 2),
	(131, 2, 3),
	(132, 7, 2),
	(133, 8, 3),
	(133, 5, 3),
	(133, 2, 3),
	(133, 6, 3),
	(133, 3, 1),
	(133, 7, 1),
	(134, 3, 1),
	(134, 7, 2),
	(134, 2, 1),
	(134, 5, 2),
	(135, 6, 2),
	(135, 2, 3),
	(135, 7, 2),
	(135, 1, 2),
	(135, 8, 3),
	(136, 1, 2),
	(136, 4, 1),
	(136, 6, 1),
	(136, 7, 3),
	(136, 3, 2),
	(137, 7, 2),
	(137, 5, 3),
	(137, 1, 1),
	(137, 4, 1),
	(137, 8, 1),
	(138, 7, 1),
	(138, 1, 3),
	(138, 3, 2),
	(138, 5, 1),
	(138, 4, 3),
	(139, 1, 2),
	(139, 7, 1),
	(140, 6, 2),
	(140, 2, 2),
	(140, 3, 3),
	(140, 8, 3),
	(140, 5, 1),
	(141, 8, 1),
	(141, 4, 3),
	(141, 6, 1),
	(142, 8, 2),
	(142, 5, 2),
	(142, 2, 3),
	(142, 1, 1),
	(142, 3, 1),
	(143, 5, 1),
	(143, 6, 1),
	(144, 5, 2),
	(144, 7, 2),
	(144, 4, 2),
	(144, 8, 1),
	(144, 2, 3),
	(144, 3, 1),
	(145, 1, 1),
	(146, 7, 1),
	(146, 2, 2),
	(146, 3, 2),
	(146, 8, 2),
	(146, 5, 3),
	(147, 3, 2),
	(147, 7, 2),
	(147, 1, 3),
	(147, 4, 3),
	(148, 1, 1),
	(149, 7, 1),
	(149, 8, 1),
	(149, 4, 3),
	(149, 1, 1),
	(149, 2, 3),
	(150, 3, 1),
	(150, 2, 1),
	(150, 8, 1),
	(151, 8, 2),
	(151, 3, 1),
	(151, 5, 2),
	(151, 1, 2),
	(152, 4, 1),
	(153, 4, 2),
	(153, 1, 3),
	(153, 2, 1),
	(154, 1, 2),
	(154, 4, 2),
	(154, 2, 1),
	(154, 7, 1),
	(155, 5, 2),
	(155, 2, 3),
	(155, 4, 3),
	(155, 3, 2),
	(155, 6, 1),
	(156, 2, 1),
	(156, 6, 3),
	(156, 5, 2),
	(156, 1, 3),
	(156, 7, 2),
	(157, 5, 1),
	(157, 4, 3),
	(158, 3, 2),
	(158, 4, 3),
	(158, 1, 1),
	(158, 2, 1),
	(158, 7, 1),
	(158, 8, 2),
	(159, 8, 2),
	(159, 1, 2),
	(159, 5, 1),
	(160, 6, 3),
	(160, 4, 3),
	(160, 2, 3),
	(160, 1, 1),
	(160, 8, 1),
	(160, 7, 2),
	(161, 6, 1),
	(161, 7, 1),
	(162, 4, 2),
	(162, 3, 2),
	(162, 6, 3),
	(163, 2, 1),
	(163, 4, 3),
	(163, 5, 2),
	(164, 4, 1),
	(164, 8, 1),
	(164, 3, 2),
	(164, 5, 1),
	(165, 3, 2),
	(165, 1, 1),
	(165, 8, 1),
	(166, 4, 3),
	(166, 6, 2),
	(166, 7, 1),
	(166, 1, 2),
	(167, 5, 2),
	(167, 2, 1),
	(168, 6, 2),
	(168, 8, 2),
	(168, 1, 1),
	(168, 3, 3),
	(168, 7, 2),
	(168, 5, 2),
	(169, 8, 3),
	(169, 6, 2),
	(170, 3, 1),
	(170, 5, 1),
	(170, 7, 2),
	(170, 1, 2),
	(170, 8, 2),
	(170, 6, 2),
	(171, 4, 1),
	(171, 1, 1),
	(171, 3, 2),
	(171, 2, 3),
	(171, 8, 1),
	(171, 5, 3),
	(172, 1, 2),
	(172, 6, 2),
	(173, 6, 2),
	(174, 6, 1),
	(174, 1, 1),
	(174, 4, 1),
	(174, 5, 1),
	(174, 7, 2),
	(175, 8, 3),
	(175, 5, 2),
	(175, 7, 3),
	(175, 6, 2),
	(176, 5, 2),
	(176, 3, 3),
	(176, 8, 1),
	(176, 6, 1),
	(177, 5, 2),
	(177, 7, 3),
	(177, 8, 1),
	(177, 2, 2),
	(177, 6, 2),
	(178, 3, 3),
	(179, 7, 3),
	(179, 8, 3),
	(179, 2, 1),
	(179, 1, 2),
	(180, 8, 1),
	(180, 4, 3),
	(180, 5, 3),
	(180, 2, 1),
	(181, 1, 2),
	(181, 5, 1),
	(181, 3, 1),
	(181, 2, 2),
	(181, 6, 3),
	(181, 8, 1),
	(182, 5, 1),
	(182, 8, 3),
	(182, 1, 1),
	(182, 4, 2),
	(182, 2, 3),
	(183, 6, 1),
	(183, 5, 2),
	(183, 8, 1),
	(183, 1, 1),
	(183, 3, 2),
	(184, 1, 1),
	(184, 2, 3),
	(184, 6, 3),
	(185, 3, 3),
	(185, 1, 2),
	(185, 2, 3),
	(186, 5, 1),
	(186, 8, 3),
	(186, 7, 1),
	(186, 1, 1),
	(187, 6, 3),
	(187, 8, 2),
	(187, 3, 3),
	(188, 2, 3),
	(188, 1, 3),
	(188, 6, 2),
	(188, 8, 1),
	(188, 3, 2),
	(189, 1, 2),
	(189, 6, 2),
	(189, 3, 1),
	(189, 5, 2),
	(189, 4, 1),
	(190, 3, 1),
	(190, 8, 1),
	(191, 5, 3),
	(191, 1, 1),
	(191, 8, 1),
	(191, 7, 2),
	(191, 4, 3),
	(191, 3, 1),
	(192, 5, 1),
	(192, 3, 2),
	(192, 8, 2),
	(192, 6, 3),
	(192, 1, 3),
	(192, 2, 1),
	(193, 8, 2),
	(193, 4, 2),
	(193, 1, 3),
	(193, 2, 1),
	(194, 6, 1),
	(194, 4, 2),
	(195, 1, 1),
	(195, 8, 1),
	(195, 5, 2),
	(195, 3, 3),
	(196, 4, 2),
	(197, 5, 3),
	(198, 7, 2),
	(198, 3, 3),
	(198, 6, 3),
	(198, 1, 1),
	(199, 7, 2),
	(199, 6, 1),
	(199, 8, 3),
	(199, 2, 2),
	(199, 4, 3),
	(200, 2, 2),
	(200, 8, 3),
	(200, 1, 3),
	(200, 4, 1),
	(201, 7, 3),
	(201, 1, 3),
	(201, 6, 3),
	(201, 5, 2),
	(201, 2, 1),
	(201, 8, 1),
	(202, 4, 1),
	(202, 2, 3),
	(203, 4, 3),
	(203, 1, 2),
	(203, 2, 3),
	(203, 7, 2),
	(203, 5, 1),
	(203, 8, 2),
	(204, 4, 3),
	(204, 7, 1),
	(204, 3, 3),
	(204, 8, 3),
	(204, 2, 2),
	(205, 8, 2),
	(205, 2, 3),
	(205, 4, 1),
	(206, 5, 2),
	(206, 8, 2),
	(206, 6, 1),
	(206, 2, 1),
	(206, 7, 2),
	(206, 4, 1),
	(207, 8, 1),
	(207, 7, 2),
	(207, 4, 3),
	(208, 6, 2),
	(208, 5, 2),
	(209, 5, 1),
	(209, 1, 3),
	(209, 3, 3),
	(209, 8, 3),
	(210, 8, 3),
	(211, 4, 2),
	(212, 4, 1),
	(212, 6, 2),
	(212, 8, 1),
	(212, 5, 2),
	(212, 2, 2),
	(212, 1, 2),
	(213, 3, 1),
	(214, 4, 3),
	(214, 1, 3),
	(214, 7, 2),
	(215, 5, 1),
	(215, 2, 1),
	(215, 3, 3),
	(215, 4, 1),
	(216, 3, 3),
	(216, 7, 1),
	(216, 4, 2),
	(217, 2, 3),
	(217, 7, 1),
	(218, 2, 3),
	(219, 6, 1),
	(219, 2, 1),
	(219, 3, 3),
	(219, 4, 2),
	(219, 5, 2),
	(219, 8, 2),
	(220, 3, 3),
	(220, 1, 1),
	(220, 2, 2),
	(221, 8, 2),
	(221, 5, 3),
	(221, 1, 2),
	(221, 2, 1),
	(222, 3, 3),
	(222, 6, 1),
	(222, 8, 2),
	(222, 2, 2),
	(222, 5, 3),
	(222, 4, 1),
	(223, 8, 3),
	(223, 6, 2),
	(223, 3, 1),
	(224, 2, 2),
	(224, 8, 3),
	(224, 1, 2),
	(224, 7, 1),
	(224, 6, 1),
	(225, 8, 2),
	(225, 1, 1),
	(225, 6, 3),
	(225, 3, 1),
	(225, 5, 3),
	(226, 8, 3),
	(226, 6, 3),
	(226, 4, 3),
	(227, 4, 1),
	(227, 6, 1),
	(227, 5, 3),
	(227, 1, 3),
	(227, 8, 2),
	(227, 7, 2),
	(228, 6, 1),
	(229, 3, 1),
	(230, 4, 2),
	(230, 2, 2),
	(231, 4, 2),
	(232, 1, 1),
	(232, 6, 1),
	(232, 4, 2),
	(232, 2, 3),
	(233, 6, 2),
	(234, 2, 3),
	(234, 1, 1),
	(234, 6, 1),
	(234, 5, 3),
	(234, 4, 3),
	(234, 7, 3),
	(235, 7, 1),
	(235, 6, 1),
	(235, 2, 1),
	(236, 3, 2),
	(236, 4, 1),
	(236, 6, 3),
	(237, 6, 2),
	(237, 8, 1),
	(237, 3, 1),
	(237, 1, 2),
	(237, 2, 1),
	(237, 7, 1),
	(238, 5, 1),
	(238, 4, 2),
	(238, 6, 3),
	(239, 8, 2),
	(239, 7, 1),
	(239, 1, 3),
	(240, 4, 3),
	(240, 8, 1),
	(240, 1, 1),
	(241, 3, 2),
	(242, 7, 2),
	(243, 8, 3),
	(243, 6, 2),
	(243, 2, 3),
	(243, 3, 1),
	(244, 8, 1),
	(244, 3, 1),
	(244, 2, 1),
	(244, 5, 1),
	(245, 7, 1),
	(245, 5, 3),
	(245, 2, 3),
	(246, 4, 3),
	(246, 3, 2),
	(246, 7, 1),
	(246, 8, 3),
	(247, 7, 2),
	(247, 5, 2),
	(247, 2, 1),
	(248, 7, 2),
	(248, 8, 3),
	(248, 2, 2),
	(249, 7, 1),
	(249, 3, 2),
	(249, 6, 2),
	(249, 2, 3),
	(249, 1, 2),
	(249, 8, 3),
	(250, 5, 3),
	(250, 4, 3),
	(251, 3, 3),
	(252, 5, 3),
	(252, 4, 1),
	(252, 3, 2),
	(252, 6, 3),
	(252, 8, 2),
	(252, 2, 3),
	(253, 5, 3),
	(254, 8, 3),
	(254, 5, 3),
	(254, 4, 2),
	(254, 6, 1),
	(254, 2, 2),
	(255, 5, 3),
	(255, 8, 3),
	(255, 1, 3),
	(255, 2, 1),
	(255, 3, 2),
	(256, 5, 3),
	(256, 6, 3),
	(256, 4, 1),
	(256, 1, 3),
	(257, 1, 2),
	(257, 3, 2),
	(257, 8, 2),
	(257, 7, 2),
	(258, 4, 3),
	(259, 3, 1),
	(259, 8, 3),
	(259, 1, 2),
	(259, 7, 1),
	(259, 5, 1),
	(259, 6, 3),
	(260, 6, 2),
	(260, 1, 1),
	(260, 3, 1),
	(261, 6, 3),
	(262, 3, 1),
	(262, 5, 2),
	(263, 8, 3),
	(264, 8, 3),
	(264, 5, 1),
	(265, 6, 1),
	(265, 3, 2),
	(265, 8, 1),
	(265, 7, 2),
	(266, 6, 3),
	(266, 8, 3),
	(266, 2, 1),
	(266, 4, 3),
	(266, 1, 3),
	(267, 2, 3),
	(267, 8, 1),
	(267, 5, 2),
	(267, 4, 1),
	(268, 4, 3),
	(268, 3, 3),
	(268, 7, 3),
	(268, 6, 3),
	(269, 3, 3),
	(270, 5, 3),
	(270, 8, 3),
	(270, 1, 3),
	(270, 7, 1),
	(270, 6, 1),
	(270, 3, 1),
	(271, 8, 3),
	(271, 2, 3),
	(271, 5, 1),
	(272, 5, 2),
	(272, 6, 3),
	(272, 4, 2),
	(273, 2, 1),
	(273, 3, 3),
	(273, 8, 1),
	(274, 5, 1),
	(275, 1, 2),
	(275, 5, 2),
	(275, 3, 2),
	(276, 5, 3),
	(277, 3, 2),
	(277, 2, 3),
	(277, 6, 2),
	(277, 4, 1),
	(277, 5, 1),
	(278, 4, 1),
	(278, 2, 1),
	(278, 5, 3),
	(278, 7, 1),
	(278, 3, 1),
	(279, 1, 3),
	(280, 2, 3),
	(280, 8, 2),
	(280, 4, 2),
	(280, 5, 2),
	(280, 1, 2),
	(280, 6, 2),
	(281, 2, 2),
	(281, 1, 3),
	(281, 4, 1),
	(282, 1, 1),
	(282, 5, 3),
	(282, 3, 1),
	(283, 5, 2),
	(283, 2, 2),
	(283, 4, 3),
	(283, 3, 3),
	(284, 5, 1),
	(284, 3, 2),
	(284, 6, 1),
	(285, 4, 1),
	(286, 5, 1),
	(286, 2, 2),
	(286, 7, 1),
	(287, 1, 1),
	(287, 3, 2),
	(287, 4, 2),
	(287, 2, 2),
	(287, 5, 3),
	(288, 3, 2),
	(288, 1, 3),
	(288, 8, 3),
	(288, 2, 2),
	(289, 6, 1),
	(289, 7, 2),
	(289, 4, 2),
	(290, 3, 2),
	(290, 1, 1),
	(290, 8, 3),
	(290, 7, 2),
	(291, 5, 2),
	(291, 8, 2),
	(291, 7, 1),
	(291, 1, 3),
	(291, 4, 2),
	(291, 6, 1),
	(292, 1, 3),
	(292, 5, 2),
	(293, 4, 3),
	(293, 6, 1),
	(294, 6, 3),
	(294, 3, 1),
	(294, 1, 3),
	(294, 2, 3),
	(294, 7, 1),
	(294, 8, 3),
	(295, 6, 1),
	(296, 6, 3),
	(296, 3, 1),
	(296, 4, 3),
	(296, 5, 2),
	(297, 2, 3),
	(297, 5, 1),
	(297, 7, 3),
	(297, 1, 1),
	(297, 6, 3),
	(297, 3, 2),
	(298, 2, 1),
	(298, 4, 1),
	(298, 5, 2),
	(298, 8, 3),
	(298, 7, 2),
	(299, 8, 2),
	(299, 1, 3),
	(300, 3, 2),
	(301, 6, 2),
	(301, 1, 2),
	(301, 5, 1),
	(301, 4, 1),
	(301, 3, 2),
	(302, 7, 3),
	(302, 4, 1),
	(302, 3, 3),
	(302, 6, 2),
	(303, 8, 2),
	(303, 3, 1),
	(303, 7, 1),
	(303, 2, 3),
	(303, 5, 1),
	(303, 6, 3),
	(304, 6, 1),
	(304, 8, 1),
	(305, 6, 3),
	(305, 1, 1),
	(306, 4, 2),
	(306, 8, 1),
	(306, 1, 2),
	(306, 3, 2),
	(306, 2, 3),
	(306, 7, 2),
	(307, 8, 1),
	(307, 5, 2),
	(307, 3, 2),
	(307, 1, 2),
	(307, 4, 1),
	(307, 6, 1),
	(308, 1, 3),
	(308, 4, 3),
	(308, 8, 2),
	(308, 2, 1),
	(308, 3, 1),
	(309, 2, 1),
	(309, 7, 1),
	(309, 1, 2),
	(310, 6, 1),
	(310, 7, 2),
	(310, 1, 3),
	(310, 3, 3),
	(310, 8, 3),
	(310, 2, 3),
	(311, 5, 1),
	(311, 4, 1),
	(311, 6, 2),
	(312, 1, 3),
	(313, 1, 1),
	(313, 5, 2),
	(313, 8, 1),
	(313, 7, 2),
	(313, 4, 1),
	(314, 3, 2),
	(314, 7, 2),
	(315, 2, 1),
	(315, 8, 1),
	(315, 5, 3),
	(315, 3, 2),
	(315, 4, 3),
	(316, 2, 2),
	(316, 6, 2),
	(316, 5, 2),
	(316, 8, 3),
	(316, 7, 3),
	(317, 4, 3),
	(318, 1, 2),
	(318, 8, 1),
	(318, 3, 2),
	(318, 5, 1),
	(318, 7, 2),
	(319, 4, 3),
	(319, 1, 3),
	(319, 7, 1),
	(319, 2, 2),
	(319, 6, 2),
	(319, 3, 3),
	(320, 6, 2),
	(320, 8, 3),
	(320, 3, 2),
	(320, 7, 1),
	(320, 2, 1),
	(321, 8, 2),
	(321, 3, 3),
	(321, 5, 2),
	(321, 4, 2),
	(321, 6, 1),
	(321, 2, 1),
	(322, 7, 2),
	(322, 3, 1),
	(323, 8, 3),
	(323, 1, 3),
	(323, 2, 3),
	(324, 6, 2),
	(324, 5, 1),
	(324, 3, 3),
	(324, 7, 2),
	(324, 1, 3),
	(325, 5, 2),
	(326, 2, 3),
	(326, 1, 1),
	(327, 5, 3),
	(327, 3, 2),
	(327, 2, 3),
	(327, 8, 3),
	(328, 5, 1),
	(328, 1, 2),
	(328, 6, 3),
	(328, 7, 2),
	(328, 8, 1),
	(328, 3, 3),
	(329, 7, 3),
	(329, 5, 2),
	(330, 2, 1),
	(330, 3, 2),
	(330, 4, 3),
	(330, 7, 3),
	(330, 1, 3),
	(330, 8, 2),
	(331, 2, 1),
	(331, 1, 2),
	(331, 3, 1),
	(331, 4, 3),
	(332, 6, 2),
	(332, 3, 3),
	(332, 2, 2),
	(332, 1, 3),
	(333, 7, 1),
	(333, 6, 2),
	(333, 4, 2),
	(333, 2, 2),
	(333, 3, 2),
	(334, 8, 3),
	(334, 3, 3),
	(334, 2, 2),
	(335, 4, 3),
	(335, 1, 2),
	(335, 3, 2),
	(335, 2, 2),
	(335, 7, 2),
	(335, 5, 2),
	(336, 8, 3),
	(336, 4, 3),
	(336, 2, 1),
	(336, 3, 1),
	(336, 1, 2),
	(336, 7, 1),
	(337, 1, 3),
	(337, 2, 1),
	(338, 5, 2),
	(339, 5, 1),
	(339, 4, 2),
	(339, 3, 1),
	(339, 7, 2),
	(339, 2, 3),
	(339, 1, 2),
	(340, 5, 3),
	(341, 2, 1),
	(341, 1, 3),
	(341, 4, 2),
	(341, 7, 1),
	(341, 5, 1),
	(342, 3, 1),
	(342, 6, 2),
	(342, 8, 1),
	(342, 2, 2),
	(342, 1, 1),
	(342, 5, 1),
	(343, 6, 2),
	(344, 4, 2),
	(344, 2, 3),
	(344, 8, 3),
	(344, 7, 3),
	(344, 1, 1),
	(345, 6, 3),
	(346, 4, 3),
	(346, 1, 3),
	(347, 6, 1),
	(347, 7, 1),
	(347, 5, 1),
	(347, 3, 3),
	(348, 5, 2),
	(348, 4, 3),
	(349, 8, 3),
	(350, 6, 1),
	(350, 4, 2),
	(350, 7, 1),
	(350, 5, 1),
	(350, 8, 2),
	(351, 5, 2),
	(351, 6, 2),
	(351, 1, 1),
	(351, 2, 3),
	(352, 5, 2),
	(352, 4, 1),
	(352, 8, 2),
	(352, 6, 3),
	(352, 2, 2),
	(352, 1, 1),
	(353, 1, 1),
	(353, 2, 3),
	(354, 6, 3),
	(354, 4, 2),
	(354, 2, 2),
	(355, 4, 3),
	(355, 1, 1),
	(355, 3, 2),
	(356, 1, 2),
	(357, 2, 1),
	(357, 8, 3),
	(357, 7, 2),
	(357, 1, 3),
	(358, 7, 2),
	(358, 8, 1),
	(358, 2, 1),
	(358, 5, 1),
	(358, 3, 3),
	(358, 1, 1),
	(359, 3, 1),
	(359, 7, 1),
	(360, 7, 2),
	(360, 3, 1),
	(360, 8, 3),
	(360, 2, 3),
	(360, 4, 3),
	(360, 6, 2),
	(361, 6, 1),
	(361, 7, 1),
	(362, 6, 1),
	(362, 4, 3),
	(362, 2, 2),
	(362, 3, 2),
	(363, 7, 1),
	(363, 4, 3),
	(364, 6, 1),
	(364, 3, 2),
	(364, 7, 3),
	(364, 8, 3),
	(364, 2, 1),
	(365, 2, 3),
	(365, 5, 2),
	(365, 7, 1),
	(365, 1, 3),
	(365, 6, 1),
	(365, 3, 3),
	(366, 1, 3),
	(366, 7, 3),
	(366, 6, 1),
	(367, 8, 2),
	(367, 7, 3),
	(367, 4, 3),
	(367, 3, 3),
	(367, 2, 2),
	(368, 6, 1),
	(368, 2, 1),
	(368, 8, 1),
	(368, 5, 2),
	(368, 1, 3),
	(368, 3, 3),
	(369, 7, 3),
	(369, 8, 2),
	(369, 1, 3),
	(370, 6, 1),
	(370, 2, 1),
	(371, 8, 3),
	(372, 3, 1),
	(372, 5, 2),
	(372, 8, 3),
	(372, 2, 1),
	(372, 1, 1),
	(373, 4, 3),
	(373, 5, 2),
	(373, 2, 3),
	(374, 5, 3),
	(375, 5, 1),
	(375, 8, 2),
	(375, 7, 2),
	(376, 7, 1),
	(376, 3, 3),
	(376, 5, 2),
	(376, 4, 2),
	(377, 6, 1),
	(377, 8, 1),
	(378, 6, 3),
	(379, 7, 3),
	(379, 8, 2),
	(379, 6, 1),
	(379, 2, 2),
	(380, 8, 1),
	(380, 1, 3),
	(381, 3, 3),
	(381, 7, 3),
	(381, 6, 1),
	(381, 1, 3),
	(381, 2, 3),
	(382, 4, 2),
	(382, 1, 1),
	(382, 2, 2),
	(382, 7, 2),
	(382, 3, 3),
	(382, 8, 2),
	(383, 3, 2),
	(383, 2, 3),
	(384, 2, 1),
	(384, 5, 2),
	(384, 1, 3),
	(384, 3, 2),
	(384, 7, 1),
	(384, 8, 1),
	(385, 4, 1),
	(386, 7, 2),
	(386, 8, 2),
	(386, 3, 2),
	(386, 6, 2),
	(387, 1, 3),
	(387, 5, 1),
	(387, 3, 3),
	(387, 2, 3),
	(387, 8, 1),
	(387, 6, 2),
	(388, 8, 3),
	(388, 2, 3),
	(388, 7, 2),
	(388, 5, 1),
	(389, 3, 2),
	(389, 2, 3),
	(389, 1, 3),
	(389, 6, 2),
	(389, 8, 1),
	(389, 4, 3),
	(390, 5, 3),
	(391, 8, 2),
	(391, 4, 2),
	(391, 1, 3),
	(391, 5, 2),
	(391, 2, 3),
	(392, 8, 1),
	(392, 7, 2),
	(392, 4, 2),
	(392, 1, 3),
	(392, 6, 3),
	(392, 3, 3),
	(393, 7, 3),
	(393, 6, 3),
	(393, 3, 3),
	(393, 1, 3),
	(393, 4, 1),
	(394, 1, 3),
	(394, 2, 3),
	(394, 4, 2),
	(394, 5, 1),
	(395, 3, 2),
	(395, 5, 2),
	(395, 4, 2),
	(395, 7, 1),
	(396, 8, 2),
	(396, 3, 2),
	(396, 7, 3),
	(396, 2, 1),
	(396, 5, 2),
	(396, 4, 3),
	(397, 5, 2),
	(397, 1, 3),
	(397, 8, 3),
	(398, 2, 1),
	(398, 3, 2),
	(399, 7, 3),
	(400, 3, 1),
	(400, 6, 2),
	(400, 5, 3),
	(400, 8, 1),
	(400, 2, 1),
	(401, 8, 3),
	(401, 5, 1),
	(402, 6, 3),
	(402, 7, 2),
	(402, 1, 3),
	(402, 5, 3),
	(402, 8, 1),
	(403, 4, 2),
	(403, 3, 2),
	(404, 4, 1),
	(404, 8, 1),
	(404, 2, 2),
	(404, 6, 2),
	(405, 7, 2),
	(406, 8, 1),
	(406, 5, 2),
	(407, 7, 3),
	(407, 3, 2),
	(408, 6, 1),
	(408, 3, 2),
	(408, 2, 1),
	(408, 7, 3),
	(408, 1, 1),
	(408, 5, 3),
	(409, 4, 1),
	(409, 5, 1),
	(409, 3, 1),
	(409, 7, 2),
	(410, 7, 2),
	(410, 8, 2),
	(411, 1, 3),
	(411, 7, 1),
	(411, 8, 3),
	(412, 4, 1),
	(413, 6, 2),
	(413, 5, 2),
	(413, 1, 1),
	(414, 7, 2),
	(414, 3, 1),
	(415, 3, 3),
	(416, 7, 2),
	(416, 4, 3),
	(416, 8, 3),
	(416, 6, 1),
	(417, 3, 2),
	(417, 8, 3),
	(417, 2, 3),
	(417, 6, 1),
	(418, 8, 3),
	(418, 2, 3),
	(419, 2, 3),
	(419, 4, 2),
	(419, 3, 3),
	(419, 7, 2),
	(420, 2, 3),
	(420, 1, 1),
	(420, 4, 1),
	(421, 5, 2),
	(421, 4, 2),
	(421, 1, 3),
	(421, 2, 3),
	(422, 4, 3),
	(422, 2, 1),
	(422, 5, 2),
	(422, 1, 2),
	(422, 7, 2),
	(422, 6, 2),
	(423, 6, 1),
	(423, 7, 1),
	(423, 2, 2),
	(423, 8, 3),
	(424, 6, 2),
	(424, 4, 3),
	(425, 5, 3),
	(426, 1, 1),
	(427, 4, 2),
	(427, 3, 1),
	(427, 2, 1),
	(427, 6, 1),
	(427, 1, 1),
	(428, 8, 3),
	(429, 4, 3),
	(429, 5, 2),
	(429, 3, 2),
	(430, 1, 3),
	(430, 8, 2),
	(431, 2, 2),
	(431, 6, 3),
	(431, 3, 3),
	(432, 6, 2),
	(432, 1, 1),
	(432, 8, 1),
	(432, 5, 3),
	(433, 4, 3),
	(433, 2, 3),
	(433, 7, 1),
	(433, 3, 3),
	(433, 8, 3),
	(434, 1, 3),
	(434, 2, 3),
	(434, 5, 1),
	(435, 6, 1),
	(435, 2, 2),
	(436, 8, 3),
	(436, 7, 3),
	(436, 4, 3),
	(436, 1, 3),
	(436, 3, 2),
	(437, 1, 1),
	(437, 6, 1),
	(437, 2, 3),
	(437, 8, 3),
	(437, 7, 2),
	(438, 1, 3),
	(438, 4, 2),
	(438, 5, 2),
	(438, 3, 1),
	(438, 2, 1),
	(439, 1, 3),
	(439, 4, 1),
	(439, 5, 1),
	(439, 3, 3),
	(439, 7, 3),
	(439, 2, 3),
	(440, 5, 2),
	(440, 1, 2),
	(440, 2, 3),
	(440, 3, 3),
	(440, 6, 2),
	(440, 4, 1),
	(441, 1, 2),
	(441, 2, 3),
	(442, 5, 2),
	(442, 6, 2),
	(442, 3, 3),
	(442, 8, 2),
	(443, 2, 2),
	(443, 8, 1),
	(443, 3, 3),
	(443, 5, 1),
	(444, 5, 1),
	(444, 6, 3),
	(444, 4, 2),
	(444, 7, 1),
	(444, 1, 3),
	(444, 3, 2),
	(445, 4, 1),
	(445, 7, 2),
	(445, 6, 3),
	(445, 1, 2),
	(445, 5, 2),
	(445, 2, 1),
	(446, 4, 2),
	(446, 5, 2),
	(446, 8, 2),
	(446, 7, 2),
	(447, 1, 3),
	(448, 7, 1),
	(448, 5, 2),
	(448, 3, 2),
	(448, 1, 1),
	(448, 4, 2),
	(448, 2, 1),
	(449, 8, 2),
	(449, 2, 2),
	(449, 3, 3),
	(449, 7, 1),
	(450, 2, 3),
	(450, 3, 2),
	(450, 1, 2),
	(450, 7, 2),
	(451, 7, 2),
	(451, 5, 2),
	(451, 6, 1),
	(451, 8, 1),
	(452, 7, 2),
	(452, 3, 1),
	(452, 5, 3),
	(452, 2, 1),
	(452, 1, 1),
	(453, 1, 1),
	(453, 2, 1),
	(453, 3, 2),
	(453, 6, 2),
	(453, 7, 3),
	(454, 6, 2),
	(454, 2, 3),
	(454, 5, 1),
	(454, 3, 3),
	(454, 8, 3),
	(454, 4, 3),
	(455, 3, 2),
	(455, 7, 2),
	(455, 2, 2),
	(455, 1, 1),
	(455, 4, 2),
	(456, 5, 3),
	(456, 3, 2),
	(456, 2, 2),
	(456, 8, 3),
	(456, 1, 2),
	(457, 5, 2),
	(457, 1, 3),
	(457, 8, 1),
	(457, 4, 3),
	(458, 7, 3),
	(458, 8, 3),
	(458, 5, 2),
	(458, 6, 3),
	(458, 4, 1),
	(459, 3, 2),
	(459, 5, 1),
	(460, 4, 3),
	(460, 2, 2),
	(461, 7, 1),
	(461, 5, 3),
	(461, 8, 2),
	(461, 1, 2),
	(461, 6, 1),
	(461, 2, 3),
	(462, 3, 3),
	(462, 5, 1),
	(463, 7, 3),
	(464, 4, 3),
	(464, 3, 3),
	(464, 6, 3),
	(464, 8, 3),
	(464, 2, 1),
	(465, 3, 1),
	(465, 1, 1),
	(465, 5, 2),
	(465, 7, 3),
	(465, 8, 2),
	(465, 2, 2),
	(466, 4, 3),
	(466, 3, 3),
	(466, 7, 1),
	(466, 2, 1),
	(466, 8, 2),
	(466, 1, 3),
	(467, 7, 1),
	(467, 3, 3),
	(467, 1, 2),
	(468, 8, 3),
	(468, 6, 3),
	(468, 2, 3),
	(469, 6, 1),
	(469, 4, 1),
	(469, 1, 3),
	(470, 5, 1),
	(470, 8, 2),
	(470, 6, 3),
	(470, 2, 1),
	(470, 3, 1),
	(470, 1, 1),
	(471, 3, 3),
	(471, 6, 1),
	(471, 4, 2),
	(471, 5, 3),
	(471, 8, 1),
	(472, 4, 3),
	(472, 2, 2),
	(473, 2, 3),
	(473, 1, 1),
	(473, 3, 2),
	(473, 5, 1),
	(473, 4, 2),
	(473, 6, 2),
	(474, 6, 2),
	(475, 2, 3),
	(475, 3, 3),
	(475, 7, 2),
	(475, 5, 3),
	(476, 1, 1),
	(476, 7, 1),
	(476, 5, 1),
	(476, 4, 3),
	(477, 1, 2),
	(477, 3, 2),
	(477, 2, 3),
	(477, 5, 2),
	(478, 7, 1),
	(479, 5, 3),
	(479, 6, 2),
	(479, 4, 2),
	(479, 2, 2),
	(479, 3, 3),
	(479, 8, 1),
	(480, 4, 1),
	(480, 6, 2),
	(480, 2, 3),
	(480, 8, 3),
	(480, 5, 1),
	(481, 5, 2),
	(481, 4, 2),
	(482, 5, 3),
	(482, 3, 1),
	(482, 4, 1),
	(482, 1, 3),
	(483, 8, 1),
	(483, 2, 3),
	(483, 1, 1),
	(484, 5, 1),
	(484, 2, 2),
	(484, 4, 1),
	(484, 7, 3),
	(484, 6, 3),
	(485, 4, 1),
	(485, 7, 3),
	(485, 1, 1),
	(486, 6, 2),
	(486, 5, 3),
	(486, 3, 1),
	(486, 4, 3),
	(486, 1, 1),
	(487, 3, 2),
	(487, 4, 3),
	(487, 2, 2),
	(487, 5, 1),
	(487, 1, 2),
	(488, 4, 2),
	(488, 5, 1),
	(488, 2, 3),
	(488, 6, 3),
	(489, 4, 3),
	(489, 2, 3),
	(489, 5, 2),
	(489, 7, 1),
	(489, 1, 1),
	(490, 3, 1),
	(490, 4, 3),
	(490, 1, 2),
	(490, 6, 2),
	(491, 6, 1),
	(492, 3, 2),
	(492, 8, 1),
	(492, 2, 2),
	(493, 5, 3),
	(493, 2, 3),
	(493, 1, 3),
	(494, 4, 1),
	(494, 6, 2),
	(494, 5, 2),
	(494, 7, 2),
	(494, 1, 1),
	(495, 7, 3),
	(496, 5, 2),
	(497, 7, 3),
	(497, 4, 3),
	(497, 1, 2),
	(497, 3, 3),
	(497, 6, 2),
	(497, 5, 3),
	(498, 8, 3),
	(498, 7, 2),
	(498, 2, 2),
	(498, 6, 1),
	(499, 2, 3),
	(499, 1, 3),
	(499, 3, 3),
	(499, 5, 1),
	(500, 4, 3),
	(500, 6, 1),
	(500, 8, 1),
	(500, 5, 1),
	(501, 4, 1),
	(502, 2, 3),
	(503, 5, 3),
	(503, 7, 3),
	(503, 4, 2),
	(504, 2, 2),
	(505, 5, 1),
	(505, 1, 2),
	(506, 7, 3),
	(506, 6, 1),
	(507, 5, 2),
	(507, 3, 3),
	(507, 2, 3),
	(508, 2, 2),
	(508, 4, 2),
	(508, 5, 2),
	(508, 7, 3),
	(508, 6, 3),
	(509, 2, 1),
	(509, 5, 3),
	(510, 3, 3),
	(510, 1, 1),
	(510, 7, 3),
	(511, 5, 1),
	(511, 4, 3),
	(511, 2, 1),
	(511, 8, 2),
	(512, 4, 1),
	(513, 1, 2),
	(513, 5, 1),
	(513, 7, 1),
	(514, 3, 2),
	(514, 7, 1),
	(514, 1, 3),
	(514, 4, 2),
	(514, 8, 1),
	(515, 4, 3),
	(515, 5, 1),
	(515, 7, 3),
	(515, 8, 3),
	(515, 1, 1),
	(516, 1, 2),
	(516, 7, 1),
	(516, 8, 2),
	(516, 4, 3),
	(516, 5, 1),
	(516, 2, 2),
	(517, 8, 1),
	(517, 5, 3),
	(517, 2, 1),
	(517, 7, 3),
	(518, 8, 1),
	(518, 5, 3),
	(518, 1, 3),
	(518, 2, 1),
	(518, 3, 1),
	(518, 4, 2),
	(519, 6, 2),
	(519, 2, 1),
	(519, 1, 2),
	(519, 7, 3),
	(520, 4, 1),
	(520, 5, 1),
	(520, 7, 3),
	(520, 3, 3),
	(521, 8, 3),
	(521, 6, 3),
	(522, 3, 1),
	(522, 2, 2),
	(522, 1, 3),
	(523, 6, 3),
	(523, 4, 1),
	(523, 7, 3),
	(523, 1, 1),
	(523, 3, 3),
	(523, 5, 2),
	(524, 5, 2),
	(524, 3, 1),
	(524, 8, 2),
	(524, 2, 1),
	(524, 6, 1),
	(524, 4, 1),
	(525, 6, 3),
	(525, 8, 3),
	(525, 7, 1),
	(525, 3, 3),
	(525, 5, 3),
	(526, 4, 3),
	(526, 8, 3),
	(527, 5, 2),
	(527, 7, 2),
	(527, 3, 2),
	(528, 8, 3),
	(528, 1, 2),
	(528, 3, 1),
	(528, 5, 3),
	(529, 2, 3),
	(529, 3, 1),
	(529, 6, 1),
	(529, 4, 2),
	(530, 5, 2),
	(530, 3, 1),
	(530, 2, 2),
	(530, 8, 2),
	(531, 7, 1),
	(531, 6, 2),
	(532, 1, 2),
	(532, 6, 2),
	(532, 4, 1),
	(532, 7, 2),
	(532, 2, 3),
	(533, 5, 3),
	(533, 4, 3),
	(533, 2, 1),
	(534, 1, 2),
	(534, 5, 3),
	(534, 2, 2),
	(534, 8, 2),
	(534, 7, 3),
	(534, 6, 2),
	(535, 2, 1),
	(535, 1, 2),
	(535, 7, 3),
	(536, 1, 2),
	(536, 2, 2),
	(536, 8, 1),
	(536, 6, 1),
	(536, 4, 1),
	(536, 5, 2),
	(537, 4, 1),
	(537, 8, 1),
	(537, 6, 1),
	(537, 1, 3),
	(537, 7, 1),
	(538, 1, 1),
	(539, 6, 2),
	(539, 5, 2),
	(539, 2, 2),
	(539, 4, 1),
	(539, 7, 1),
	(539, 3, 3),
	(540, 4, 1),
	(540, 2, 3),
	(540, 7, 3),
	(541, 5, 2),
	(541, 2, 2),
	(542, 3, 3),
	(542, 5, 1),
	(542, 7, 2),
	(542, 2, 1),
	(543, 4, 2),
	(544, 6, 2),
	(544, 8, 2),
	(545, 2, 3),
	(545, 5, 3),
	(546, 5, 2),
	(546, 4, 2),
	(546, 2, 3),
	(547, 6, 3),
	(547, 8, 2),
	(547, 4, 3),
	(547, 3, 1),
	(548, 8, 3),
	(548, 4, 2),
	(549, 2, 1),
	(549, 1, 2),
	(549, 3, 1),
	(550, 4, 1),
	(550, 8, 2),
	(550, 3, 3),
	(550, 7, 2),
	(550, 6, 1),
	(550, 2, 1),
	(551, 2, 2),
	(551, 4, 3),
	(551, 7, 3),
	(551, 3, 2),
	(552, 2, 2),
	(553, 8, 2),
	(553, 4, 3),
	(553, 6, 1),
	(553, 3, 3),
	(554, 2, 1),
	(554, 4, 1),
	(554, 6, 2),
	(554, 1, 2),
	(555, 8, 3),
	(555, 5, 2),
	(555, 4, 2),
	(555, 7, 1),
	(556, 8, 3),
	(556, 3, 2),
	(556, 5, 2),
	(557, 7, 2),
	(557, 1, 2),
	(557, 2, 3),
	(557, 8, 2),
	(557, 6, 2),
	(558, 5, 1),
	(558, 4, 3),
	(558, 2, 3),
	(559, 1, 1),
	(559, 5, 2),
	(559, 4, 3),
	(560, 3, 3),
	(560, 1, 1),
	(560, 2, 2),
	(561, 6, 3),
	(561, 1, 1),
	(561, 3, 2),
	(561, 4, 2),
	(562, 8, 1),
	(562, 1, 2),
	(562, 4, 3),
	(562, 6, 2),
	(562, 7, 3),
	(562, 3, 3),
	(563, 3, 1),
	(563, 8, 1),
	(563, 1, 2),
	(563, 6, 2),
	(563, 5, 3),
	(563, 2, 2),
	(564, 6, 2),
	(565, 3, 2),
	(566, 8, 2),
	(566, 5, 2),
	(566, 3, 3),
	(566, 4, 3),
	(566, 6, 3),
	(567, 5, 2),
	(567, 3, 3),
	(567, 1, 2),
	(567, 4, 1),
	(567, 7, 1),
	(567, 2, 2),
	(568, 8, 3),
	(568, 5, 3),
	(568, 3, 2),
	(568, 6, 2),
	(568, 1, 2),
	(569, 4, 1),
	(569, 6, 3),
	(569, 7, 1),
	(569, 5, 3),
	(569, 1, 2),
	(569, 2, 1),
	(570, 5, 1),
	(570, 6, 2),
	(570, 3, 1),
	(570, 1, 2),
	(570, 8, 3),
	(570, 4, 3),
	(571, 2, 1),
	(571, 8, 2),
	(571, 7, 2),
	(571, 1, 3),
	(572, 7, 1),
	(573, 5, 3),
	(573, 3, 1),
	(573, 6, 3),
	(573, 2, 2),
	(573, 8, 2),
	(574, 1, 2),
	(574, 4, 3),
	(574, 2, 2),
	(574, 7, 2),
	(575, 4, 1),
	(575, 2, 3),
	(576, 7, 1),
	(576, 8, 2),
	(576, 5, 2),
	(576, 1, 1),
	(577, 7, 3),
	(577, 5, 3),
	(577, 2, 3),
	(578, 5, 1),
	(578, 3, 3),
	(579, 4, 3),
	(579, 8, 1),
	(579, 7, 2),
	(579, 6, 1),
	(579, 5, 2),
	(580, 6, 2),
	(580, 2, 3),
	(581, 8, 1),
	(581, 1, 2),
	(581, 5, 3),
	(581, 2, 2),
	(582, 3, 2),
	(582, 7, 2),
	(582, 4, 2),
	(582, 5, 3),
	(582, 1, 3),
	(583, 8, 3),
	(583, 7, 2),
	(584, 1, 3),
	(584, 3, 2),
	(584, 7, 1),
	(584, 8, 3),
	(584, 6, 3),
	(585, 3, 3),
	(585, 2, 3),
	(585, 4, 3),
	(585, 6, 2),
	(586, 6, 3),
	(586, 3, 3),
	(586, 2, 1),
	(586, 5, 1),
	(586, 7, 3),
	(587, 6, 1),
	(587, 1, 2),
	(587, 7, 1),
	(587, 3, 3),
	(587, 4, 3),
	(587, 2, 1),
	(588, 3, 3),
	(588, 5, 3),
	(588, 6, 3),
	(589, 6, 3),
	(590, 7, 1),
	(590, 2, 3),
	(591, 4, 3),
	(591, 2, 2),
	(591, 8, 2),
	(592, 6, 1),
	(592, 3, 1),
	(592, 4, 1),
	(592, 7, 2),
	(592, 2, 1),
	(592, 5, 1),
	(593, 2, 3),
	(594, 1, 2),
	(594, 6, 2),
	(594, 5, 1),
	(594, 2, 2),
	(595, 5, 1),
	(595, 3, 2),
	(595, 8, 1),
	(595, 1, 2),
	(595, 4, 1),
	(596, 4, 2),
	(597, 1, 3),
	(597, 2, 2),
	(598, 5, 2),
	(598, 3, 2),
	(599, 5, 2),
	(599, 6, 3),
	(600, 4, 3),
	(600, 7, 1),
	(601, 8, 2),
	(601, 7, 1),
	(601, 3, 1),
	(601, 5, 2),
	(601, 4, 2),
	(601, 2, 3),
	(602, 8, 1),
	(602, 4, 2),
	(603, 5, 3),
	(603, 3, 1),
	(604, 5, 1),
	(604, 7, 2),
	(604, 1, 2),
	(605, 8, 3),
	(605, 5, 1),
	(605, 3, 3),
	(605, 7, 3),
	(606, 3, 2),
	(606, 5, 1),
	(607, 5, 1),
	(607, 4, 3),
	(608, 2, 3),
	(608, 3, 3),
	(608, 4, 2),
	(609, 3, 2),
	(609, 5, 1),
	(609, 2, 1),
	(609, 8, 3),
	(609, 6, 3),
	(609, 1, 2),
	(610, 4, 1),
	(610, 1, 2),
	(610, 5, 3),
	(611, 2, 2),
	(612, 1, 3),
	(612, 3, 2),
	(612, 4, 2),
	(612, 8, 3),
	(612, 5, 1),
	(613, 6, 3),
	(613, 4, 1),
	(614, 6, 2),
	(614, 4, 3),
	(614, 5, 3),
	(614, 3, 3),
	(615, 1, 1),
	(615, 6, 3),
	(615, 7, 2),
	(615, 2, 3),
	(615, 5, 3),
	(616, 3, 1),
	(616, 7, 2),
	(616, 4, 2),
	(616, 6, 1),
	(616, 5, 2),
	(616, 8, 2),
	(617, 6, 2),
	(617, 2, 2),
	(617, 4, 1),
	(617, 8, 1),
	(618, 1, 1),
	(618, 7, 3),
	(618, 5, 2),
	(618, 6, 2),
	(618, 4, 2),
	(619, 5, 2),
	(619, 1, 2),
	(619, 6, 3),
	(619, 2, 3),
	(619, 8, 2),
	(620, 6, 1),
	(620, 1, 1),
	(620, 4, 3),
	(620, 8, 3),
	(621, 6, 2),
	(621, 7, 3),
	(622, 4, 1),
	(622, 2, 3),
	(622, 1, 2),
	(622, 8, 3),
	(622, 5, 1),
	(623, 7, 2),
	(624, 4, 1),
	(625, 1, 2),
	(625, 4, 1),
	(625, 3, 2),
	(625, 8, 3),
	(625, 2, 3),
	(625, 5, 1),
	(626, 3, 2),
	(626, 7, 1),
	(626, 5, 1),
	(626, 1, 2),
	(626, 8, 2),
	(626, 2, 3),
	(627, 7, 2),
	(627, 4, 2),
	(627, 8, 2),
	(627, 6, 3),
	(628, 7, 1),
	(628, 6, 1),
	(628, 4, 3),
	(628, 3, 2),
	(628, 2, 1),
	(628, 1, 2);

-- Stock
INSERT INTO stock (pizzeria_id, ingredient_id, quantity) VALUES
	(1, 1, 447),
	(1, 2, 482),
	(1, 3, 179),
	(1, 4, 874),
	(1, 5, 968),
	(1, 6, 695),
	(1, 7, 642),
	(1, 8, 742),
	(2, 1, 859),
	(2, 2, 536),
	(2, 3, 236),
	(2, 4, 781),
	(2, 5, 971),
	(2, 6, 347),
	(2, 7, 517),
	(2, 8, 726),
	(3, 1, 728),
	(3, 2, 223),
	(3, 3, 313),
	(3, 4, 586),
	(3, 5, 392),
	(3, 6, 189),
	(3, 7, 368),
	(3, 8, 608),
	(4, 1, 870),
	(4, 2, 482),
	(4, 3, 394),
	(4, 4, 304),
	(4, 5, 824),
	(4, 6, 801),
	(4, 7, 154),
	(4, 8, 113),
	(5, 1, 551),
	(5, 2, 221),
	(5, 3, 319),
	(5, 4, 599),
	(5, 5, 257),
	(5, 6, 599),
	(5, 7, 487),
	(5, 8, 485),
	(6, 1, 608),
	(6, 2, 412),
	(6, 3, 940),
	(6, 4, 431),
	(6, 5, 876),
	(6, 6, 502),
	(6, 7, 372),
	(6, 8, 353),
	(7, 1, 549),
	(7, 2, 110),
	(7, 3, 170),
	(7, 4, 204),
	(7, 5, 461),
	(7, 6, 236),
	(7, 7, 133),
	(7, 8, 176),
	(8, 1, 686),
	(8, 2, 558),
	(8, 3, 578),
	(8, 4, 976),
	(8, 5, 377),
	(8, 6, 827),
	(8, 7, 463),
	(8, 8, 422),
	(9, 1, 482),
	(9, 2, 333),
	(9, 3, 535),
	(9, 4, 627),
	(9, 5, 203),
	(9, 6, 847),
	(9, 7, 347),
	(9, 8, 669),
	(10, 1, 140),
	(10, 2, 622),
	(10, 3, 239),
	(10, 4, 965),
	(10, 5, 848),
	(10, 6, 637),
	(10, 7, 425),
	(10, 8, 913),
	(11, 1, 982),
	(11, 2, 560),
	(11, 3, 503),
	(11, 4, 785),
	(11, 5, 643),
	(11, 6, 579),
	(11, 7, 929),
	(11, 8, 143),
	(12, 1, 681),
	(12, 2, 243),
	(12, 3, 827),
	(12, 4, 119),
	(12, 5, 104),
	(12, 6, 188),
	(12, 7, 576),
	(12, 8, 953),
	(13, 1, 444),
	(13, 2, 330),
	(13, 3, 196),
	(13, 4, 711),
	(13, 5, 544),
	(13, 6, 185),
	(13, 7, 764),
	(13, 8, 917),
	(14, 1, 504),
	(14, 2, 678),
	(14, 3, 945),
	(14, 4, 301),
	(14, 5, 165),
	(14, 6, 797),
	(14, 7, 132),
	(14, 8, 668),
	(15, 1, 196),
	(15, 2, 174),
	(15, 3, 338),
	(15, 4, 445),
	(15, 5, 989),
	(15, 6, 929),
	(15, 7, 933),
	(15, 8, 108);

-- Stock records
INSERT INTO stockrecord (id, pizzeria_id, ingredient_id, quantity, is_addition, `date`) VALUES
	(1, 1, 1, 447, 1, '2020-04-26 08:00:00'),
	(2, 1, 2, 482, 1, '2020-04-26 08:00:00'),
	(3, 1, 3, 179, 1, '2020-04-26 08:00:00'),
	(4, 1, 4, 874, 1, '2020-04-26 08:00:00'),
	(5, 1, 5, 968, 1, '2020-04-26 08:00:00'),
	(6, 1, 6, 695, 1, '2020-04-26 08:00:00'),
	(7, 1, 7, 642, 1, '2020-04-26 08:00:00'),
	(8, 1, 8, 742, 1, '2020-04-26 08:00:00'),
	(9, 2, 1, 859, 1, '2020-04-26 08:00:00'),
	(10, 2, 2, 536, 1, '2020-04-26 08:00:00'),
	(11, 2, 3, 236, 1, '2020-04-26 08:00:00'),
	(12, 2, 4, 781, 1, '2020-04-26 08:00:00'),
	(13, 2, 5, 971, 1, '2020-04-26 08:00:00'),
	(14, 2, 6, 347, 1, '2020-04-26 08:00:00'),
	(15, 2, 7, 517, 1, '2020-04-26 08:00:00'),
	(16, 2, 8, 726, 1, '2020-04-26 08:00:00'),
	(17, 3, 1, 728, 1, '2020-04-26 08:00:00'),
	(18, 3, 2, 223, 1, '2020-04-26 08:00:00'),
	(19, 3, 3, 313, 1, '2020-04-26 08:00:00'),
	(20, 3, 4, 586, 1, '2020-04-26 08:00:00'),
	(21, 3, 5, 392, 1, '2020-04-26 08:00:00'),
	(22, 3, 6, 189, 1, '2020-04-26 08:00:00'),
	(23, 3, 7, 368, 1, '2020-04-26 08:00:00'),
	(24, 3, 8, 608, 1, '2020-04-26 08:00:00'),
	(25, 4, 1, 870, 1, '2020-04-26 08:00:00'),
	(26, 4, 2, 482, 1, '2020-04-26 08:00:00'),
	(27, 4, 3, 394, 1, '2020-04-26 08:00:00'),
	(28, 4, 4, 304, 1, '2020-04-26 08:00:00'),
	(29, 4, 5, 824, 1, '2020-04-26 08:00:00'),
	(30, 4, 6, 801, 1, '2020-04-26 08:00:00'),
	(31, 4, 7, 154, 1, '2020-04-26 08:00:00'),
	(32, 4, 8, 113, 1, '2020-04-26 08:00:00'),
	(33, 5, 1, 551, 1, '2020-04-26 08:00:00'),
	(34, 5, 2, 221, 1, '2020-04-26 08:00:00'),
	(35, 5, 3, 319, 1, '2020-04-26 08:00:00'),
	(36, 5, 4, 599, 1, '2020-04-26 08:00:00'),
	(37, 5, 5, 257, 1, '2020-04-26 08:00:00'),
	(38, 5, 6, 599, 1, '2020-04-26 08:00:00'),
	(39, 5, 7, 487, 1, '2020-04-26 08:00:00'),
	(40, 5, 8, 485, 1, '2020-04-26 08:00:00'),
	(41, 6, 1, 608, 1, '2020-04-26 08:00:00'),
	(42, 6, 2, 412, 1, '2020-04-26 08:00:00'),
	(43, 6, 3, 940, 1, '2020-04-26 08:00:00'),
	(44, 6, 4, 431, 1, '2020-04-26 08:00:00'),
	(45, 6, 5, 876, 1, '2020-04-26 08:00:00'),
	(46, 6, 6, 502, 1, '2020-04-26 08:00:00'),
	(47, 6, 7, 372, 1, '2020-04-26 08:00:00'),
	(48, 6, 8, 353, 1, '2020-04-26 08:00:00'),
	(49, 7, 1, 549, 1, '2020-04-26 08:00:00'),
	(50, 7, 2, 110, 1, '2020-04-26 08:00:00'),
	(51, 7, 3, 170, 1, '2020-04-26 08:00:00'),
	(52, 7, 4, 204, 1, '2020-04-26 08:00:00'),
	(53, 7, 5, 461, 1, '2020-04-26 08:00:00'),
	(54, 7, 6, 236, 1, '2020-04-26 08:00:00'),
	(55, 7, 7, 133, 1, '2020-04-26 08:00:00'),
	(56, 7, 8, 176, 1, '2020-04-26 08:00:00'),
	(57, 8, 1, 686, 1, '2020-04-26 08:00:00'),
	(58, 8, 2, 558, 1, '2020-04-26 08:00:00'),
	(59, 8, 3, 578, 1, '2020-04-26 08:00:00'),
	(60, 8, 4, 976, 1, '2020-04-26 08:00:00'),
	(61, 8, 5, 377, 1, '2020-04-26 08:00:00'),
	(62, 8, 6, 827, 1, '2020-04-26 08:00:00'),
	(63, 8, 7, 463, 1, '2020-04-26 08:00:00'),
	(64, 8, 8, 422, 1, '2020-04-26 08:00:00'),
	(65, 9, 1, 482, 1, '2020-04-26 08:00:00'),
	(66, 9, 2, 333, 1, '2020-04-26 08:00:00'),
	(67, 9, 3, 535, 1, '2020-04-26 08:00:00'),
	(68, 9, 4, 627, 1, '2020-04-26 08:00:00'),
	(69, 9, 5, 203, 1, '2020-04-26 08:00:00'),
	(70, 9, 6, 847, 1, '2020-04-26 08:00:00'),
	(71, 9, 7, 347, 1, '2020-04-26 08:00:00'),
	(72, 9, 8, 669, 1, '2020-04-26 08:00:00'),
	(73, 10, 1, 140, 1, '2020-04-26 08:00:00'),
	(74, 10, 2, 622, 1, '2020-04-26 08:00:00'),
	(75, 10, 3, 239, 1, '2020-04-26 08:00:00'),
	(76, 10, 4, 965, 1, '2020-04-26 08:00:00'),
	(77, 10, 5, 848, 1, '2020-04-26 08:00:00'),
	(78, 10, 6, 637, 1, '2020-04-26 08:00:00'),
	(79, 10, 7, 425, 1, '2020-04-26 08:00:00'),
	(80, 10, 8, 913, 1, '2020-04-26 08:00:00'),
	(81, 11, 1, 982, 1, '2020-04-26 08:00:00'),
	(82, 11, 2, 560, 1, '2020-04-26 08:00:00'),
	(83, 11, 3, 503, 1, '2020-04-26 08:00:00'),
	(84, 11, 4, 785, 1, '2020-04-26 08:00:00'),
	(85, 11, 5, 643, 1, '2020-04-26 08:00:00'),
	(86, 11, 6, 579, 1, '2020-04-26 08:00:00'),
	(87, 11, 7, 929, 1, '2020-04-26 08:00:00'),
	(88, 11, 8, 143, 1, '2020-04-26 08:00:00'),
	(89, 12, 1, 681, 1, '2020-04-26 08:00:00'),
	(90, 12, 2, 243, 1, '2020-04-26 08:00:00'),
	(91, 12, 3, 827, 1, '2020-04-26 08:00:00'),
	(92, 12, 4, 119, 1, '2020-04-26 08:00:00'),
	(93, 12, 5, 104, 1, '2020-04-26 08:00:00'),
	(94, 12, 6, 188, 1, '2020-04-26 08:00:00'),
	(95, 12, 7, 576, 1, '2020-04-26 08:00:00'),
	(96, 12, 8, 953, 1, '2020-04-26 08:00:00'),
	(97, 13, 1, 444, 1, '2020-04-26 08:00:00'),
	(98, 13, 2, 330, 1, '2020-04-26 08:00:00'),
	(99, 13, 3, 196, 1, '2020-04-26 08:00:00'),
	(100, 13, 4, 711, 1, '2020-04-26 08:00:00'),
	(101, 13, 5, 544, 1, '2020-04-26 08:00:00'),
	(102, 13, 6, 185, 1, '2020-04-26 08:00:00'),
	(103, 13, 7, 764, 1, '2020-04-26 08:00:00'),
	(104, 13, 8, 917, 1, '2020-04-26 08:00:00'),
	(105, 14, 1, 504, 1, '2020-04-26 08:00:00'),
	(106, 14, 2, 678, 1, '2020-04-26 08:00:00'),
	(107, 14, 3, 945, 1, '2020-04-26 08:00:00'),
	(108, 14, 4, 301, 1, '2020-04-26 08:00:00'),
	(109, 14, 5, 165, 1, '2020-04-26 08:00:00'),
	(110, 14, 6, 797, 1, '2020-04-26 08:00:00'),
	(111, 14, 7, 132, 1, '2020-04-26 08:00:00'),
	(112, 14, 8, 668, 1, '2020-04-26 08:00:00'),
	(113, 15, 1, 196, 1, '2020-04-26 08:00:00'),
	(114, 15, 2, 174, 1, '2020-04-26 08:00:00'),
	(115, 15, 3, 338, 1, '2020-04-26 08:00:00'),
	(116, 15, 4, 445, 1, '2020-04-26 08:00:00'),
	(117, 15, 5, 989, 1, '2020-04-26 08:00:00'),
	(118, 15, 6, 929, 1, '2020-04-26 08:00:00'),
	(119, 15, 7, 933, 1, '2020-04-26 08:00:00'),
	(120, 15, 8, 108, 1, '2020-04-26 08:00:00');
